182, 177, 41, 0, 0, 27, 1, 1, 4, 213, 156, 49, 
29, 9, 101, 0, 0, 68, 0, 0, 1, 213, 221, 91, 
191, 119, 236, 1, 0, 58, 0, 0, 0, 28, 145, 251, 
242, 126, 132, 0, 0, 100, 1, 0, 4, 196, 9, 154, 
11, 103, 182, 0, 1, 33, 1, 1, 0, 101, 207, 183, 
190, 74, 113, 0, 0, 69, 1, 0, 1, 115, 121, 253, 
9, 149, 112, 0, 0, 23, 1, 1, 3, 192, 151, 54, 
142, 26, 234, 0, 1, 43, 0, 0, 0, 81, 159, 161, 
125, 87, 56, 0, 0, 91, 1, 0, 1, 28, 33, 209, 
28, 44, 13, 0, 0, 57, 0, 0, 3, 49, 94, 139, 
238, 51, 222, 1, 0, 68, 1, 0, 1, 205, 126, 96, 
210, 138, 153, 0, 0, 21, 1, 1, 4, 243, 128, 45, 
124, 104, 167, 1, 1, 18, 1, 1, 3, 141, 1, 1, 
1, 46, 14, 1, 1, 37, 1, 1, 0, 69, 38, 9, 
142, 105, 100, 1, 1, 54, 0, 1, 1, 115, 237, 155, 
10, 177, 97, 1, 0, 22, 1, 0, 2, 50, 196, 10, 
108, 227, 206, 1, 0, 41, 1, 1, 3, 3, 129, 38, 
2, 42, 133, 0, 0, 9, 0, 0, 4, 169, 168, 84, 
156, 98, 252, 1, 1, 99, 1, 1, 1, 15, 61, 144, 
51, 19, 101, 1, 1, 18, 1, 0, 3, 221, 146, 4, 
111, 196, 225, 1, 1, 55, 0, 1, 1, 47, 50, 52, 
191, 44, 74, 1, 1, 12, 1, 0, 1, 179, 208, 123, 
196, 121, 224, 0, 1, 71, 0, 1, 1, 226, 131, 98, 
83, 235, 31, 1, 0, 73, 1, 0, 4, 147, 44, 223, 
231, 0, 125, 1, 0, 59, 1, 0, 4, 204, 36, 154, 
159, 137, 113, 1, 1, 70, 1, 0, 0, 224, 32, 69, 
61, 201, 196, 1, 0, 45, 1, 1, 1, 9, 35, 197, 
85, 236, 138, 0, 0, 22, 0, 1, 4, 8, 171, 182, 
116, 126, 10, 0, 1, 19, 1, 0, 3, 126, 15, 45, 
222, 231, 23, 0, 0, 45, 1, 1, 4, 29, 220, 46, 
162, 10, 23, 0, 0, 95, 0, 0, 3, 98, 24, 70, 
11, 186, 221, 0, 0, 89, 0, 0, 1, 236, 77, 73, 
160, 179, 245, 0, 1, 37, 0, 1, 3, 176, 126, 151, 
204, 97, 130, 0, 1, 98, 0, 0, 1, 9, 138, 117, 
180, 248, 106, 1, 0, 50, 0, 1, 0, 223, 246, 34, 
237, 164, 40, 0, 1, 52, 1, 1, 2, 85, 82, 139, 
16, 66, 132, 1, 0, 23, 0, 0, 3, 176, 53, 200, 
123, 7, 106, 1, 1, 91, 1, 0, 2, 134, 139, 127, 
188, 46, 212, 0, 1, 41, 1, 0, 2, 84, 183, 163, 
124, 225, 150, 1, 1, 87, 1, 0, 2, 89, 2, 78, 
175, 24, 197, 0, 0, 94, 1, 0, 4, 68, 248, 183, 
2, 57, 211, 0, 1, 32, 1, 0, 2, 202, 200, 73, 
202, 61, 74, 1, 0, 64, 1, 0, 3, 140, 185, 207, 
92, 151, 35, 0, 1, 91, 0, 1, 4, 66, 4, 184, 
145, 180, 131, 1, 1, 3, 1, 0, 2, 48, 168, 74, 
145, 162, 27, 1, 0, 98, 0, 0, 0, 32, 196, 95, 
9, 8, 69, 1, 0, 90, 0, 1, 2, 15, 113, 8, 
189, 188, 70, 1, 1, 71, 1, 1, 3, 85, 35, 219, 
118, 120, 122, 1, 1, 19, 0, 0, 4, 130, 5, 238, 
251, 131, 124, 0, 1, 31, 0, 1, 1, 161, 21, 159, 
93, 238, 131, 1, 0, 23, 0, 0, 2, 81, 234, 68, 
140, 214, 104, 0, 1, 4, 1, 0, 2, 143, 31, 198, 
12, 90, 25, 1, 1, 4, 0, 1, 1, 58, 239, 186, 
156, 79, 20, 1, 0, 27, 0, 1, 4, 252, 32, 115, 
82, 214, 49, 1, 1, 34, 1, 0, 0, 180, 128, 41, 
232, 235, 57, 1, 1, 28, 0, 1, 1, 140, 24, 246, 
93, 252, 231, 0, 1, 78, 0, 1, 3, 107, 4, 43, 
17, 241, 11, 1, 1, 31, 0, 1, 0, 231, 142, 137, 
200, 232, 53, 1, 0, 41, 1, 0, 0, 145, 140, 240, 
59, 141, 79, 0, 0, 99, 1, 0, 4, 235, 170, 136, 
210, 90, 141, 1, 1, 63, 0, 1, 4, 132, 98, 115, 
249, 183, 125, 1, 0, 56, 1, 0, 1, 230, 56, 2, 
213, 176, 19, 0, 0, 25, 0, 0, 3, 17, 95, 94, 
129, 4, 53, 1, 1, 77, 1, 0, 0, 11, 64, 138, 
3, 177, 140, 0, 1, 38, 0, 1, 0, 52, 187, 76, 
9, 81, 119, 0, 0, 46, 1, 1, 1, 179, 111, 70, 
74, 122, 119, 0, 0, 95, 0, 0, 4, 7, 181, 62, 
195, 52, 54, 0, 0, 23, 1, 1, 4, 187, 27, 142, 
191, 150, 55, 0, 1, 92, 1, 1, 1, 44, 112, 229, 
182, 251, 64, 0, 1, 71, 0, 0, 1, 121, 202, 44, 
49, 16, 184, 0, 0, 51, 0, 1, 0, 132, 154, 80, 
51, 211, 45, 0, 0, 46, 0, 1, 0, 24, 207, 66, 
199, 175, 243, 0, 0, 21, 0, 1, 1, 56, 64, 138, 
142, 42, 49, 1, 0, 5, 1, 1, 0, 248, 32, 226, 
35, 236, 164, 1, 0, 71, 1, 1, 4, 186, 143, 30, 
115, 155, 133, 1, 0, 42, 1, 1, 3, 20, 184, 155, 
197, 183, 184, 1, 0, 20, 0, 1, 1, 107, 165, 143, 
120, 235, 252, 0, 1, 31, 1, 0, 2, 137, 208, 197, 
229, 24, 80, 1, 1, 95, 1, 0, 1, 111, 212, 121, 
221, 83, 74, 1, 1, 41, 0, 1, 4, 13, 13, 90, 
127, 135, 129, 0, 1, 52, 1, 0, 0, 0, 162, 111, 
86, 154, 255, 1, 1, 76, 0, 1, 3, 179, 132, 201, 
34, 81, 111, 0, 1, 33, 1, 1, 4, 66, 29, 143, 
222, 96, 166, 1, 1, 42, 0, 0, 4, 82, 193, 208, 
174, 146, 165, 0, 1, 61, 1, 0, 3, 100, 178, 22, 
252, 85, 6, 1, 1, 70, 0, 1, 1, 136, 216, 233, 
53, 81, 41, 1, 0, 11, 0, 1, 0, 50, 142, 153, 
171, 205, 138, 1, 1, 18, 1, 1, 4, 75, 126, 210, 
49, 130, 200, 1, 1, 88, 1, 0, 0, 184, 91, 111, 
177, 72, 181, 1, 1, 34, 1, 1, 0, 33, 85, 172, 
226, 56, 99, 1, 0, 20, 1, 0, 2, 77, 23, 107, 
241, 85, 174, 0, 0, 51, 1, 1, 1, 54, 179, 87, 
207, 89, 150, 0, 0, 11, 0, 1, 4, 157, 73, 244, 
101, 175, 129, 1, 1, 41, 0, 0, 4, 106, 136, 32, 
53, 211, 151, 1, 1, 85, 0, 1, 4, 211, 220, 25, 
100, 230, 185, 0, 1, 85, 0, 0, 4, 188, 89, 35, 
98, 64, 61, 0, 1, 5, 1, 0, 3, 25, 243, 25, 
26, 177, 175, 0, 0, 94, 1, 1, 3, 28, 188, 18, 
246, 238, 80, 0, 1, 50, 0, 0, 1, 194, 211, 156, 
106, 10, 86, 0, 0, 36, 0, 1, 3, 71, 188, 254, 
178, 22, 27, 1, 0, 19, 0, 1, 4, 152, 102, 254, 
109, 57, 28, 1, 0, 54, 1, 0, 0, 193, 173, 108, 
177, 206, 65, 1, 0, 73, 0, 0, 1, 213, 126, 14, 
76, 139, 98, 0, 0, 19, 1, 0, 3, 20, 201, 247, 
233, 52, 92, 0, 1, 52, 0, 0, 2, 49, 16, 62, 
127, 16, 141, 1, 1, 24, 0, 1, 4, 185, 235, 16, 
178, 140, 153, 1, 0, 8, 0, 1, 0, 242, 69, 151, 
82, 236, 164, 1, 1, 99, 1, 1, 3, 119, 75, 160, 
251, 101, 247, 1, 0, 10, 1, 1, 1, 221, 164, 161, 
59, 58, 59, 0, 0, 17, 1, 0, 2, 13, 229, 70, 
80, 13, 198, 1, 0, 11, 0, 1, 4, 31, 230, 222, 
115, 175, 156, 0, 0, 7, 1, 1, 0, 164, 191, 80, 
254, 73, 60, 1, 0, 27, 1, 1, 3, 165, 207, 13, 
31, 130, 210, 1, 1, 57, 0, 0, 1, 19, 199, 255, 
47, 232, 178, 1, 1, 47, 1, 0, 0, 254, 248, 105, 
117, 199, 17, 0, 1, 84, 0, 1, 4, 38, 166, 121, 
250, 35, 112, 0, 0, 50, 0, 1, 4, 228, 64, 215, 
12, 152, 223, 1, 1, 72, 0, 1, 0, 148, 212, 18, 
69, 218, 251, 0, 1, 32, 1, 0, 3, 4, 63, 238, 
196, 41, 241, 0, 1, 30, 1, 0, 2, 15, 253, 65, 
14, 214, 83, 0, 1, 78, 0, 0, 3, 30, 194, 104, 
180, 240, 131, 1, 1, 19, 1, 0, 4, 32, 252, 21, 
8, 47, 82, 0, 0, 9, 0, 0, 2, 103, 186, 167, 
148, 144, 139, 1, 1, 73, 1, 0, 3, 250, 87, 248, 
130, 80, 192, 0, 0, 95, 1, 0, 0, 204, 172, 218, 
6, 213, 56, 1, 0, 29, 1, 1, 1, 181, 246, 220, 
60, 83, 95, 1, 1, 35, 0, 0, 3, 189, 110, 1, 
17, 144, 227, 0, 1, 42, 0, 1, 0, 179, 227, 38, 
254, 14, 87, 1, 0, 59, 1, 1, 1, 32, 48, 237, 
122, 112, 191, 1, 1, 64, 0, 0, 1, 41, 135, 249, 
168, 16, 66, 1, 0, 18, 1, 0, 2, 128, 252, 247, 
167, 135, 42, 1, 1, 11, 1, 1, 2, 5, 105, 186, 
111, 49, 78, 0, 1, 2, 1, 1, 2, 37, 33, 55, 
16, 215, 241, 1, 0, 18, 0, 0, 3, 201, 87, 74, 
85, 106, 226, 1, 1, 13, 1, 1, 0, 119, 194, 148, 
16, 97, 169, 1, 1, 57, 0, 1, 1, 185, 223, 109, 
168, 200, 84, 0, 1, 21, 1, 0, 1, 73, 211, 180, 
65, 117, 46, 0, 1, 19, 1, 0, 3, 143, 55, 193, 
198, 250, 45, 1, 0, 20, 1, 1, 4, 223, 62, 255, 
147, 55, 199, 1, 0, 10, 0, 0, 0, 176, 224, 213, 
86, 249, 25, 1, 1, 68, 0, 1, 2, 192, 207, 26, 
206, 195, 223, 0, 0, 43, 0, 1, 2, 194, 199, 26, 
61, 176, 69, 0, 0, 68, 0, 1, 2, 98, 145, 34, 
150, 13, 201, 1, 1, 69, 1, 1, 1, 130, 56, 192, 
243, 124, 53, 1, 1, 71, 1, 0, 3, 250, 85, 184, 
57, 159, 190, 1, 1, 44, 0, 0, 3, 109, 62, 80, 
238, 228, 46, 0, 1, 50, 0, 0, 3, 4, 242, 225, 
59, 157, 75, 0, 1, 58, 0, 1, 2, 137, 200, 90, 
151, 201, 198, 0, 0, 59, 0, 1, 2, 24, 152, 186, 
59, 6, 145, 0, 0, 17, 1, 1, 3, 156, 157, 128, 
16, 80, 197, 1, 1, 69, 1, 0, 4, 171, 137, 187, 
70, 75, 221, 1, 1, 77, 1, 1, 2, 248, 32, 4, 
54, 24, 208, 0, 1, 61, 1, 1, 2, 207, 123, 12, 
248, 226, 67, 0, 0, 16, 0, 0, 4, 109, 191, 205, 
3, 134, 47, 0, 0, 43, 0, 0, 4, 254, 214, 226, 
31, 205, 190, 0, 0, 36, 1, 0, 3, 230, 124, 62, 
250, 141, 241, 1, 0, 80, 0, 0, 3, 99, 134, 53, 
105, 28, 182, 0, 1, 92, 0, 1, 0, 145, 251, 62, 
235, 93, 224, 0, 0, 23, 1, 1, 1, 229, 34, 199, 
11, 113, 191, 0, 1, 66, 1, 1, 0, 90, 53, 230, 
236, 137, 47, 1, 1, 83, 1, 0, 3, 109, 243, 211, 
36, 232, 234, 1, 1, 80, 1, 0, 1, 43, 141, 17, 
129, 93, 81, 0, 1, 77, 0, 0, 1, 15, 127, 118, 
192, 104, 160, 1, 1, 50, 0, 1, 4, 192, 242, 238, 
92, 150, 72, 0, 0, 78, 0, 0, 4, 95, 153, 39, 
89, 26, 23, 0, 1, 39, 1, 1, 4, 254, 184, 122, 
66, 9, 87, 0, 0, 10, 0, 0, 0, 214, 161, 239, 
32, 69, 212, 1, 0, 37, 1, 0, 0, 26, 3, 167, 
26, 100, 43, 1, 1, 40, 1, 1, 3, 119, 55, 92, 
118, 163, 26, 0, 0, 78, 1, 0, 0, 62, 94, 229, 
209, 131, 146, 1, 1, 18, 1, 0, 3, 238, 78, 177, 
187, 127, 240, 0, 0, 67, 0, 0, 3, 74, 41, 83, 
4, 172, 31, 0, 0, 73, 0, 1, 1, 60, 155, 35, 
145, 178, 84, 0, 0, 40, 0, 1, 0, 228, 35, 161, 
15, 226, 31, 1, 1, 5, 1, 1, 3, 1, 239, 136, 
207, 102, 40, 0, 0, 92, 0, 1, 4, 76, 21, 38, 
126, 147, 197, 0, 0, 69, 1, 0, 1, 225, 138, 160, 
228, 167, 137, 0, 0, 34, 0, 0, 4, 2, 123, 207, 
251, 205, 248, 0, 1, 96, 0, 0, 4, 244, 0, 139, 
218, 52, 244, 1, 0, 9, 0, 0, 3, 116, 233, 130, 
244, 239, 107, 1, 1, 78, 0, 0, 0, 127, 89, 174, 
224, 2, 216, 0, 1, 83, 0, 0, 3, 47, 234, 198, 
121, 173, 111, 1, 1, 50, 0, 1, 3, 23, 37, 237, 
138, 87, 140, 1, 0, 57, 0, 1, 3, 212, 136, 2, 
158, 211, 42, 0, 1, 35, 0, 0, 0, 248, 175, 139, 
168, 49, 125, 0, 0, 41, 1, 0, 3, 53, 235, 11, 
43, 227, 254, 0, 1, 9, 0, 1, 0, 131, 28, 109, 
224, 183, 141, 0, 0, 41, 0, 0, 1, 217, 228, 139, 
122, 161, 38, 1, 1, 92, 0, 0, 2, 106, 123, 10, 
233, 238, 21, 1, 1, 31, 0, 1, 0, 116, 235, 155, 
168, 55, 127, 1, 0, 65, 0, 1, 2, 97, 206, 210, 
221, 246, 170, 1, 0, 42, 0, 0, 3, 132, 251, 110, 
2, 199, 200, 0, 0, 34, 1, 1, 2, 1, 87, 229, 
132, 124, 124, 0, 0, 74, 0, 0, 0, 10, 238, 16, 
100, 26, 213, 0, 1, 58, 0, 1, 3, 233, 29, 123, 
0, 197, 21, 0, 1, 62, 1, 1, 2, 20, 170, 51, 
31, 118, 96, 0, 0, 45, 0, 1, 0, 218, 180, 165, 
167, 218, 102, 0, 1, 11, 1, 1, 4, 10, 164, 149, 
143, 192, 165, 1, 0, 31, 1, 1, 0, 164, 182, 130, 
153, 17, 184, 1, 0, 56, 0, 0, 2, 238, 67, 110, 



126, 147, 197, 0, 0, 69, 1, 0, 0, 11, 64, 138, 
182, 177, 41, 0, 0, 27, 1, 1, 4, 213, 156, 49, 
126, 147, 197, 0, 0, 69, 1, 0, 1, 225, 234, 198, 
254, 14, 87, 1, 0, 59, 1, 1, 1, 32, 234, 198, 
224, 2, 53, 1, 1, 77, 1, 0, 0, 11, 64, 138, 
254, 14, 87, 1, 0, 59, 1, 1, 1, 32, 48, 237, 
224, 2, 216, 0, 1, 83, 0, 0, 3, 11, 64, 138, 
126, 147, 197, 0, 0, 69, 1, 0, 1, 225, 138, 160, 
153, 17, 184, 1, 0, 56, 0, 0, 2, 238, 138, 160, 
126, 147, 197, 1, 1, 70, 1, 0, 0, 224, 32, 69, 
159, 137, 113, 1, 1, 70, 1, 0, 0, 224, 32, 69, 
142, 26, 234, 0, 1, 43, 0, 0, 0, 81, 234, 198, 
182, 177, 41, 0, 0, 70, 1, 0, 0, 224, 32, 69, 
126, 147, 197, 0, 0, 69, 1, 0, 1, 47, 234, 198, 
126, 147, 197, 0, 0, 56, 0, 0, 2, 238, 67, 110, 
129, 4, 53, 1, 1, 77, 1, 0, 0, 11, 64, 138, 
224, 2, 216, 0, 1, 83, 0, 0, 3, 47, 234, 110, 
182, 177, 41, 0, 0, 27, 1, 1, 4, 213, 156, 49, 
254, 14, 87, 1, 0, 59, 1, 1, 1, 32, 48, 237, 
221, 83, 74, 1, 1, 41, 0, 1, 4, 13, 13, 90, 
224, 2, 216, 0, 1, 83, 0, 0, 3, 47, 234, 198, 
221, 83, 74, 1, 1, 83, 0, 0, 3, 47, 234, 198, 
153, 17, 184, 1, 0, 56, 0, 0, 2, 238, 67, 110, 
254, 14, 87, 1, 0, 59, 1, 1, 1, 32, 48, 237, 
221, 83, 74, 1, 1, 83, 0, 0, 3, 47, 234, 198, 
221, 83, 53, 1, 1, 77, 1, 0, 0, 11, 64, 138, 
224, 2, 216, 0, 1, 83, 0, 0, 3, 238, 67, 110, 
254, 14, 87, 1, 0, 59, 1, 1, 1, 32, 48, 237, 
224, 2, 216, 0, 1, 83, 0, 0, 3, 47, 234, 198, 
159, 137, 113, 1, 1, 70, 1, 0, 0, 224, 32, 69, 
224, 2, 216, 1, 1, 77, 1, 0, 0, 11, 64, 138, 
182, 177, 41, 0, 0, 27, 1, 1, 4, 213, 156, 49, 
221, 83, 74, 1, 1, 41, 0, 1, 4, 13, 13, 49, 
126, 147, 197, 0, 0, 69, 1, 0, 1, 225, 138, 160, 
126, 147, 197, 0, 0, 69, 1, 0, 1, 225, 138, 160, 
129, 4, 53, 1, 1, 69, 1, 0, 1, 225, 138, 160, 
159, 137, 113, 1, 1, 70, 1, 0, 0, 11, 64, 138, 
221, 83, 74, 1, 1, 41, 0, 1, 4, 13, 13, 90, 
129, 4, 53, 1, 1, 77, 1, 0, 0, 11, 64, 138, 
221, 83, 74, 1, 1, 41, 1, 1, 1, 32, 48, 237, 
159, 137, 113, 1, 1, 70, 1, 0, 0, 224, 156, 49, 
153, 17, 74, 1, 1, 41, 0, 1, 4, 13, 13, 90, 
153, 17, 184, 1, 0, 69, 1, 0, 1, 225, 138, 160, 
221, 83, 74, 1, 1, 70, 1, 0, 0, 224, 32, 69, 
153, 17, 184, 1, 0, 56, 0, 0, 2, 238, 67, 110, 
221, 83, 74, 1, 1, 41, 0, 1, 4, 13, 13, 90, 
159, 137, 113, 1, 1, 70, 1, 0, 0, 238, 67, 110, 
153, 17, 184, 1, 0, 56, 0, 0, 2, 238, 67, 110, 
224, 2, 216, 0, 1, 83, 0, 0, 3, 47, 234, 198, 
126, 147, 234, 0, 1, 43, 0, 0, 0, 81, 159, 161, 
224, 2, 216, 0, 1, 69, 1, 0, 1, 225, 138, 160, 
153, 17, 184, 1, 0, 56, 0, 0, 2, 238, 67, 237, 
126, 147, 197, 0, 0, 69, 1, 0, 4, 13, 13, 90, 
159, 137, 113, 1, 1, 70, 1, 0, 0, 47, 234, 198, 
182, 177, 41, 0, 0, 27, 1, 1, 4, 213, 156, 49, 
159, 137, 216, 0, 1, 83, 0, 0, 3, 47, 234, 198, 
224, 2, 216, 0, 1, 83, 0, 0, 3, 47, 234, 198, 
142, 26, 216, 0, 1, 83, 0, 0, 3, 47, 234, 198, 
142, 26, 234, 0, 1, 43, 0, 0, 0, 81, 234, 198, 
159, 137, 113, 1, 1, 70, 1, 0, 4, 213, 156, 49, 
182, 177, 41, 0, 0, 27, 1, 1, 4, 213, 156, 110, 
142, 26, 113, 1, 1, 70, 1, 0, 0, 224, 32, 69, 
221, 83, 74, 1, 1, 41, 0, 1, 0, 224, 32, 69, 
254, 14, 87, 1, 0, 59, 1, 1, 1, 32, 48, 138, 
182, 177, 41, 0, 0, 27, 1, 1, 4, 213, 156, 49, 
224, 2, 216, 0, 1, 83, 0, 0, 3, 47, 234, 198, 
142, 26, 234, 0, 1, 43, 0, 0, 0, 81, 159, 161, 
142, 26, 234, 0, 1, 43, 0, 0, 0, 81, 64, 138, 
182, 177, 41, 0, 0, 27, 1, 1, 4, 213, 156, 49, 
221, 83, 74, 0, 1, 83, 0, 0, 3, 47, 234, 198, 
224, 2, 87, 1, 0, 59, 1, 1, 1, 32, 48, 237, 
221, 83, 74, 1, 1, 41, 0, 1, 4, 13, 13, 90, 
224, 2, 216, 1, 0, 56, 0, 0, 2, 238, 67, 110, 
142, 26, 234, 0, 1, 59, 1, 1, 1, 32, 48, 237, 
126, 147, 216, 0, 1, 83, 0, 0, 3, 47, 234, 198, 
142, 26, 234, 0, 1, 43, 0, 0, 0, 81, 159, 161, 
254, 14, 87, 1, 0, 59, 1, 1, 1, 32, 48, 237, 
196, 17, 184, 1, 0, 59, 1, 1, 0, 231, 48, 237, 
129, 4, 53, 1, 1, 77, 1, 0, 0, 11, 64, 138, 
221, 83, 74, 1, 1, 41, 0, 1, 4, 13, 13, 90, 
129, 4, 53, 1, 1, 77, 1, 0, 0, 47, 234, 198, 
254, 14, 87, 1, 0, 59, 1, 1, 1, 32, 156, 49, 
129, 4, 53, 1, 1, 77, 1, 0, 0, 11, 64, 138, 
129, 4, 53, 1, 1, 41, 0, 1, 4, 13, 13, 90, 
142, 26, 234, 0, 1, 43, 0, 0, 0, 81, 159, 161, 
221, 83, 74, 1, 1, 41, 0, 1, 4, 13, 13, 90, 
129, 4, 53, 1, 1, 77, 1, 0, 0, 11, 64, 110, 
182, 177, 41, 0, 0, 27, 1, 1, 4, 213, 156, 49, 
126, 147, 197, 0, 0, 69, 1, 0, 1, 47, 234, 198, 
126, 147, 197, 0, 0, 69, 1, 0, 0, 81, 159, 161, 
142, 26, 234, 0, 1, 43, 0, 0, 0, 81, 159, 161, 
129, 4, 53, 1, 1, 70, 1, 0, 0, 224, 32, 69, 
224, 2, 216, 0, 1, 43, 0, 0, 0, 81, 159, 161, 
153, 17, 184, 1, 0, 56, 0, 0, 2, 238, 67, 110, 
254, 14, 87, 1, 0, 27, 1, 1, 4, 213, 156, 49, 
224, 2, 216, 0, 1, 83, 0, 0, 3, 47, 234, 90, 
159, 137, 113, 1, 1, 70, 1, 1, 1, 32, 48, 237, 
221, 83, 74, 1, 1, 56, 0, 0, 2, 238, 67, 110, 
153, 17, 184, 1, 0, 56, 0, 1, 4, 13, 13, 90, 
153, 17, 184, 1, 0, 43, 0, 0, 0, 81, 159, 161, 
224, 2, 216, 0, 1, 83, 0, 0, 3, 47, 234, 198, 
224, 2, 216, 0, 1, 56, 0, 0, 2, 238, 67, 110, 
224, 2, 216, 0, 1, 83, 0, 0, 3, 47, 234, 198, 
221, 83, 74, 1, 1, 41, 0, 1, 4, 13, 13, 90, 
182, 177, 41, 0, 0, 27, 1, 1, 4, 213, 156, 49, 
153, 17, 184, 1, 0, 56, 0, 0, 2, 238, 67, 110, 
182, 177, 41, 0, 0, 27, 1, 1, 4, 213, 156, 49, 
224, 2, 216, 0, 1, 83, 1, 0, 1, 225, 138, 160, 
159, 137, 113, 1, 1, 70, 1, 0, 0, 224, 32, 69, 
182, 177, 41, 0, 0, 27, 1, 1, 4, 213, 156, 49, 
254, 137, 113, 1, 1, 70, 1, 0, 0, 224, 32, 69, 
182, 177, 41, 0, 0, 27, 1, 1, 4, 224, 32, 69, 
221, 83, 74, 1, 1, 41, 0, 1, 4, 13, 13, 90, 
182, 177, 41, 0, 0, 27, 1, 1, 4, 213, 159, 161, 
221, 83, 74, 1, 1, 56, 0, 0, 2, 238, 67, 110, 
126, 147, 197, 0, 0, 41, 0, 1, 4, 13, 13, 90, 
142, 26, 234, 0, 1, 43, 0, 0, 0, 81, 159, 161, 
182, 177, 41, 0, 0, 27, 1, 1, 4, 213, 156, 49, 
159, 137, 113, 1, 1, 70, 1, 0, 0, 224, 32, 69, 
153, 147, 197, 0, 0, 69, 1, 0, 1, 225, 138, 160, 
159, 137, 113, 1, 1, 70, 1, 0, 0, 224, 32, 69, 
126, 147, 197, 0, 1, 43, 0, 0, 0, 81, 159, 161, 
142, 26, 234, 0, 1, 43, 0, 0, 0, 81, 159, 161, 
182, 177, 41, 0, 0, 27, 1, 1, 4, 213, 156, 49, 
159, 83, 74, 1, 1, 41, 0, 1, 4, 13, 13, 90, 
159, 137, 113, 1, 1, 70, 1, 0, 0, 224, 32, 69, 
221, 26, 234, 0, 1, 43, 0, 0, 0, 81, 159, 161, 
254, 14, 41, 0, 0, 27, 1, 1, 4, 213, 156, 49, 
254, 14, 87, 1, 0, 59, 1, 1, 1, 225, 138, 160, 
159, 137, 113, 1, 1, 70, 1, 0, 0, 224, 32, 69, 
224, 26, 234, 0, 1, 43, 0, 0, 0, 81, 159, 161, 
221, 83, 184, 1, 0, 56, 0, 0, 2, 238, 67, 110, 
153, 147, 197, 0, 0, 69, 1, 0, 1, 225, 138, 160, 
129, 4, 53, 1, 1, 77, 1, 0, 4, 13, 13, 90, 
159, 137, 113, 1, 1, 70, 1, 0, 0, 224, 32, 69, 
254, 14, 87, 1, 0, 59, 1, 1, 1, 32, 48, 161, 
159, 137, 113, 1, 1, 70, 1, 0, 0, 224, 32, 69, 
129, 4, 53, 1, 1, 77, 1, 0, 0, 11, 64, 138, 
126, 147, 197, 0, 0, 69, 1, 0, 1, 225, 138, 160, 
182, 177, 41, 0, 0, 27, 1, 1, 4, 213, 156, 49, 
129, 4, 53, 1, 1, 77, 1, 0, 2, 238, 67, 110, 
254, 14, 87, 1, 0, 59, 1, 1, 1, 225, 138, 160, 
224, 2, 216, 0, 1, 83, 0, 0, 3, 47, 234, 198, 
221, 83, 74, 1, 1, 41, 0, 1, 4, 13, 13, 161, 
126, 147, 197, 0, 0, 69, 1, 0, 1, 225, 156, 49, 
182, 177, 41, 0, 0, 27, 1, 1, 4, 213, 138, 160, 
153, 17, 184, 1, 0, 56, 0, 0, 2, 238, 67, 110, 
254, 14, 87, 1, 0, 59, 0, 0, 0, 81, 159, 161, 
224, 2, 216, 0, 1, 83, 0, 0, 3, 47, 234, 198, 
142, 26, 234, 0, 1, 43, 0, 0, 0, 81, 159, 161, 
182, 177, 41, 0, 0, 27, 1, 1, 4, 213, 156, 49, 
224, 2, 217, 1, 1, 70, 0, 0, 2, 224, 199, 69, 
254, 14, 87, 1, 0, 59, 1, 1, 0, 224, 32, 69, 
254, 14, 87, 1, 0, 59, 1, 1, 1, 224, 32, 69, 
126, 147, 197, 0, 0, 69, 1, 0, 1, 225, 138, 160, 
224, 2, 216, 0, 1, 83, 0, 0, 3, 47, 138, 160, 
153, 17, 184, 1, 0, 56, 0, 0, 2, 238, 67, 110, 
254, 14, 87, 1, 0, 59, 1, 1, 1, 32, 48, 237, 
142, 26, 234, 0, 1, 43, 0, 0, 0, 11, 64, 138, 
153, 17, 184, 1, 0, 56, 0, 0, 2, 238, 67, 110, 
159, 137, 113, 1, 1, 70, 0, 1, 4, 13, 13, 90, 
153, 17, 184, 1, 0, 56, 0, 0, 2, 11, 64, 138, 
129, 4, 53, 1, 1, 77, 1, 0, 0, 11, 64, 138, 
126, 147, 197, 0, 0, 69, 1, 0, 1, 225, 138, 160, 
221, 137, 113, 1, 1, 70, 1, 0, 0, 224, 32, 69, 
182, 177, 41, 0, 0, 27, 1, 1, 4, 13, 13, 90, 
126, 147, 197, 0, 0, 69, 1, 0, 1, 225, 138, 160, 
221, 83, 74, 1, 1, 41, 0, 1, 4, 47, 234, 198, 
221, 83, 74, 1, 1, 41, 0, 1, 4, 213, 156, 49, 
254, 14, 87, 1, 0, 56, 0, 0, 2, 238, 67, 110, 
153, 17, 184, 1, 0, 41, 0, 1, 4, 13, 13, 90, 
159, 83, 74, 1, 1, 41, 0, 1, 4, 13, 13, 90, 
153, 17, 184, 1, 0, 56, 0, 0, 2, 238, 67, 110, 
224, 83, 74, 1, 1, 41, 0, 1, 4, 13, 13, 90, 
159, 137, 113, 1, 1, 70, 1, 0, 3, 47, 234, 198, 
159, 137, 113, 1, 1, 70, 1, 0, 0, 224, 32, 69, 
142, 26, 234, 0, 1, 77, 1, 0, 0, 11, 64, 138, 
254, 14, 216, 0, 1, 83, 0, 0, 3, 47, 234, 198, 
129, 4, 53, 1, 1, 77, 1, 0, 0, 11, 64, 138, 
153, 17, 184, 1, 0, 56, 0, 0, 2, 238, 67, 110, 
221, 83, 74, 1, 1, 41, 0, 1, 4, 13, 13, 90, 
224, 2, 216, 0, 1, 83, 0, 0, 3, 47, 234, 198, 
153, 17, 184, 1, 0, 70, 1, 0, 0, 224, 32, 69, 
129, 4, 53, 1, 1, 77, 1, 0, 0, 11, 64, 138, 
221, 26, 234, 0, 1, 43, 0, 0, 0, 81, 159, 161, 
142, 26, 234, 0, 1, 43, 0, 0, 0, 81, 159, 161, 
182, 177, 41, 0, 0, 27, 1, 1, 4, 213, 156, 49, 
224, 2, 216, 0, 1, 83, 0, 0, 3, 47, 234, 198, 
142, 26, 234, 0, 1, 43, 0, 0, 0, 81, 159, 161, 
129, 4, 53, 1, 1, 77, 1, 0, 0, 11, 64, 138, 
224, 2, 216, 1, 0, 59, 1, 1, 1, 32, 48, 237, 
153, 17, 184, 1, 0, 56, 0, 0, 2, 238, 67, 110, 
129, 4, 53, 1, 1, 77, 1, 0, 0, 238, 67, 110, 
254, 14, 87, 1, 0, 69, 1, 0, 1, 225, 138, 160, 
254, 14, 87, 1, 0, 59, 1, 1, 4, 213, 156, 49, 
159, 137, 113, 1, 1, 70, 1, 0, 0, 224, 32, 69, 
129, 4, 53, 1, 1, 77, 1, 0, 4, 13, 13, 90, 
159, 137, 113, 1, 1, 70, 1, 0, 0, 11, 64, 138, 
159, 137, 113, 1, 1, 70, 1, 0, 0, 224, 32, 69, 
254, 14, 234, 0, 1, 43, 0, 0, 0, 81, 159, 161, 



129, 4, 53, 1, 1, 77, 1, 0, 0, 11, 64, 138, 
224, 2, 216, 0, 1, 83, 0, 0, 4, 13, 13, 90, 
224, 2, 216, 0, 1, 83, 0, 0, 3, 47, 234, 198, 
129, 2, 216, 0, 1, 83, 0, 0, 3, 47, 234, 198, 
153, 17, 184, 1, 0, 56, 0, 0, 2, 238, 67, 110, 
224, 2, 216, 0, 1, 77, 1, 0, 0, 11, 64, 138, 
224, 2, 216, 0, 1, 43, 0, 0, 0, 11, 64, 138, 
221, 83, 74, 1, 1, 41, 0, 1, 4, 213, 156, 49, 
129, 4, 53, 1, 1, 77, 0, 0, 3, 47, 234, 198, 
254, 14, 87, 1, 0, 59, 1, 1, 1, 32, 48, 237, 
224, 2, 216, 0, 1, 83, 0, 0, 3, 47, 234, 198, 
224, 2, 216, 0, 0, 59, 1, 1, 1, 32, 48, 237, 
129, 4, 53, 1, 1, 77, 1, 0, 0, 47, 234, 198, 
224, 2, 184, 1, 0, 56, 0, 0, 2, 238, 67, 110, 
224, 2, 216, 0, 1, 83, 1, 0, 0, 238, 67, 110, 
129, 4, 53, 1, 1, 77, 1, 0, 0, 11, 64, 138, 
224, 2, 216, 0, 1, 83, 0, 0, 3, 47, 234, 198, 
182, 177, 41, 0, 0, 27, 1, 1, 4, 213, 138, 160, 
224, 2, 216, 0, 1, 83, 0, 0, 3, 11, 64, 138, 
224, 2, 216, 0, 1, 83, 0, 0, 3, 11, 64, 138, 
129, 4, 53, 1, 1, 77, 1, 0, 1, 224, 32, 69, 
221, 83, 74, 1, 1, 41, 0, 1, 1, 32, 48, 237, 
224, 2, 216, 0, 1, 83, 0, 0, 3, 47, 234, 198, 
254, 14, 87, 1, 0, 59, 1, 1, 1, 32, 48, 138, 
129, 4, 53, 1, 1, 77, 1, 0, 2, 238, 67, 110, 
142, 26, 234, 0, 1, 43, 0, 0, 0, 81, 159, 161, 
254, 14, 87, 1, 0, 59, 1, 1, 4, 213, 156, 49, 
224, 2, 216, 0, 1, 83, 0, 0, 3, 47, 234, 90, 
142, 26, 234, 0, 1, 43, 0, 0, 0, 81, 159, 110, 
224, 2, 216, 0, 1, 83, 0, 0, 3, 11, 64, 138, 
224, 2, 216, 0, 1, 83, 0, 0, 2, 238, 67, 110, 
224, 2, 216, 0, 1, 83, 0, 0, 3, 47, 234, 198, 
221, 83, 216, 0, 1, 83, 0, 0, 3, 47, 234, 198, 
126, 147, 197, 0, 0, 69, 1, 0, 1, 225, 138, 160, 
254, 14, 87, 1, 0, 59, 1, 1, 0, 224, 32, 69, 
224, 2, 216, 1, 1, 83, 0, 0, 3, 47, 234, 198, 
224, 2, 216, 0, 1, 83, 0, 0, 2, 238, 67, 110, 
254, 14, 87, 1, 0, 59, 1, 1, 1, 224, 32, 69, 
224, 4, 53, 1, 1, 77, 1, 0, 0, 238, 67, 110, 
224, 2, 216, 0, 1, 83, 0, 0, 3, 11, 64, 138, 
224, 2, 216, 0, 1, 83, 0, 0, 3, 47, 234, 198, 
182, 177, 41, 0, 0, 27, 1, 0, 0, 11, 64, 138, 
224, 2, 87, 1, 0, 59, 1, 0, 0, 47, 234, 198, 
129, 4, 216, 0, 1, 83, 0, 0, 3, 47, 234, 198, 
254, 14, 87, 1, 0, 59, 1, 1, 1, 32, 48, 237, 
254, 14, 87, 1, 0, 59, 1, 1, 1, 32, 48, 237, 
142, 26, 234, 0, 1, 43, 0, 0, 0, 81, 159, 161, 
224, 2, 216, 0, 1, 83, 0, 0, 3, 47, 234, 198, 
224, 2, 216, 0, 1, 83, 0, 0, 3, 47, 138, 160, 
224, 2, 216, 0, 1, 41, 0, 1, 4, 213, 156, 49, 
129, 4, 53, 1, 1, 59, 1, 1, 1, 224, 32, 69, 
254, 14, 87, 1, 0, 59, 0, 0, 0, 81, 159, 161, 
254, 14, 87, 1, 0, 59, 1, 1, 1, 32, 138, 160, 
224, 2, 216, 0, 1, 83, 0, 0, 0, 11, 64, 138, 
224, 2, 216, 0, 1, 83, 0, 0, 3, 47, 234, 198, 
142, 26, 234, 0, 1, 43, 0, 0, 0, 81, 159, 161, 
224, 2, 216, 0, 1, 83, 0, 0, 3, 47, 234, 198, 
224, 2, 216, 0, 1, 83, 0, 0, 1, 61, 234, 90, 
153, 17, 184, 1, 0, 56, 0, 0, 2, 238, 67, 110, 
254, 14, 87, 1, 0, 59, 1, 1, 1, 225, 138, 160, 
224, 2, 216, 0, 1, 83, 0, 0, 3, 47, 234, 138, 
254, 14, 87, 1, 0, 59, 0, 0, 0, 81, 159, 161, 
254, 14, 87, 1, 0, 59, 0, 0, 0, 81, 159, 161, 
224, 2, 216, 0, 1, 83, 0, 0, 0, 11, 64, 138, 
142, 26, 234, 0, 0, 56, 0, 0, 2, 238, 67, 110, 
129, 4, 53, 1, 1, 70, 1, 0, 3, 47, 234, 110, 
224, 2, 216, 0, 1, 83, 0, 0, 3, 47, 234, 198, 
224, 2, 87, 1, 0, 59, 1, 1, 1, 32, 48, 237, 
129, 4, 53, 1, 1, 77, 0, 1, 4, 213, 156, 49, 
224, 2, 216, 0, 1, 83, 0, 0, 3, 238, 67, 110, 
254, 14, 87, 1, 0, 59, 1, 1, 1, 47, 234, 198, 
129, 4, 53, 1, 1, 77, 1, 0, 0, 11, 64, 138, 
129, 4, 53, 1, 1, 77, 1, 0, 0, 11, 64, 138, 
224, 2, 216, 0, 1, 69, 1, 0, 1, 213, 156, 49, 
153, 17, 184, 1, 0, 56, 0, 0, 2, 238, 67, 110, 
254, 14, 234, 0, 1, 43, 0, 0, 3, 47, 234, 110, 
153, 17, 184, 1, 0, 56, 0, 0, 2, 238, 67, 90, 
224, 2, 216, 0, 1, 83, 0, 0, 3, 47, 234, 198, 
224, 4, 53, 1, 1, 77, 1, 0, 0, 11, 64, 110, 
153, 17, 184, 1, 0, 56, 0, 0, 2, 47, 234, 198, 
129, 4, 53, 1, 1, 77, 1, 0, 4, 13, 13, 90, 
224, 2, 216, 0, 1, 59, 1, 1, 1, 224, 32, 69, 
224, 2, 216, 0, 1, 83, 1, 1, 0, 224, 32, 69, 
224, 2, 216, 1, 1, 41, 0, 1, 4, 13, 13, 90, 
129, 4, 53, 1, 1, 77, 1, 0, 4, 13, 13, 90, 
129, 4, 53, 1, 1, 70, 1, 0, 0, 224, 32, 69, 
129, 4, 53, 0, 1, 83, 0, 0, 3, 47, 234, 198, 
224, 2, 53, 1, 1, 77, 1, 0, 0, 11, 64, 138, 
224, 2, 216, 0, 1, 83, 0, 0, 4, 13, 13, 90, 
129, 4, 53, 1, 1, 77, 1, 0, 0, 11, 64, 138, 
224, 2, 216, 0, 0, 56, 0, 1, 4, 13, 13, 90, 
254, 14, 53, 1, 1, 77, 1, 0, 4, 13, 13, 90, 
129, 4, 53, 1, 1, 77, 1, 0, 0, 11, 64, 138, 
129, 4, 53, 1, 1, 77, 1, 0, 0, 11, 64, 138, 
129, 4, 53, 1, 1, 77, 1, 0, 0, 11, 64, 138, 
224, 2, 216, 0, 1, 83, 0, 0, 3, 47, 234, 198, 
254, 14, 87, 1, 0, 59, 0, 0, 0, 81, 67, 110, 
142, 26, 234, 0, 1, 43, 1, 1, 1, 32, 48, 138, 
142, 26, 234, 0, 1, 43, 1, 0, 0, 11, 64, 138, 
129, 4, 53, 1, 1, 77, 1, 0, 3, 238, 67, 110, 
224, 2, 216, 0, 1, 83, 1, 0, 1, 225, 138, 160, 
224, 2, 216, 0, 1, 83, 0, 0, 3, 47, 138, 160, 
224, 2, 216, 0, 1, 83, 0, 0, 3, 47, 234, 198, 
254, 14, 87, 0, 1, 83, 0, 0, 3, 47, 234, 198, 
254, 14, 234, 0, 1, 83, 0, 0, 3, 47, 234, 198, 
224, 2, 216, 0, 1, 83, 0, 0, 3, 47, 234, 198, 
126, 147, 197, 0, 0, 69, 1, 0, 1, 11, 64, 138, 
224, 2, 216, 0, 1, 83, 0, 0, 3, 47, 234, 198, 
224, 2, 216, 0, 1, 83, 0, 0, 1, 225, 138, 160, 
129, 4, 53, 1, 1, 77, 1, 0, 0, 11, 64, 237, 
224, 2, 216, 0, 1, 83, 0, 0, 3, 47, 67, 110, 
129, 4, 53, 1, 1, 77, 1, 0, 0, 11, 64, 138, 
224, 2, 216, 0, 1, 83, 0, 0, 3, 13, 13, 90, 
224, 4, 53, 1, 1, 77, 1, 0, 0, 11, 64, 138, 
254, 14, 87, 1, 0, 77, 1, 0, 0, 238, 67, 110, 
129, 4, 53, 1, 1, 77, 1, 0, 0, 47, 234, 198, 
129, 4, 53, 1, 1, 77, 1, 0, 0, 11, 64, 138, 
153, 17, 74, 1, 1, 41, 0, 1, 4, 32, 48, 237, 
129, 4, 53, 1, 1, 77, 1, 0, 0, 11, 64, 138, 
254, 14, 87, 1, 1, 77, 1, 0, 0, 11, 64, 138, 
254, 14, 87, 1, 0, 59, 1, 1, 0, 224, 32, 69, 
224, 2, 216, 1, 1, 77, 1, 0, 0, 11, 64, 138, 
224, 2, 216, 0, 1, 83, 0, 0, 3, 47, 234, 198, 
224, 2, 53, 1, 1, 77, 1, 0, 0, 11, 64, 138, 
129, 4, 234, 0, 1, 43, 0, 0, 0, 11, 64, 138, 
153, 17, 184, 1, 0, 56, 0, 0, 3, 47, 234, 198, 
153, 17, 184, 1, 0, 56, 0, 0, 3, 47, 234, 198, 
224, 2, 216, 0, 1, 83, 0, 0, 3, 47, 234, 110, 
142, 26, 234, 0, 1, 43, 0, 0, 0, 11, 64, 138, 
129, 4, 53, 1, 1, 70, 1, 0, 0, 224, 32, 69, 
129, 4, 53, 1, 1, 77, 1, 0, 2, 238, 67, 110, 
224, 2, 53, 1, 1, 77, 1, 0, 0, 11, 64, 138, 
224, 2, 216, 0, 1, 83, 0, 0, 3, 238, 67, 110, 
129, 4, 53, 1, 1, 77, 1, 0, 0, 11, 64, 138, 
142, 26, 234, 0, 1, 43, 0, 0, 0, 81, 159, 161, 
129, 4, 53, 1, 1, 77, 1, 0, 0, 11, 64, 138, 
254, 14, 87, 1, 0, 83, 0, 0, 3, 47, 234, 198, 
224, 2, 216, 0, 1, 83, 0, 0, 3, 47, 234, 198, 
254, 14, 87, 1, 0, 59, 1, 1, 1, 32, 138, 160, 
142, 26, 234, 0, 1, 43, 0, 0, 0, 81, 159, 90, 
224, 2, 216, 0, 1, 83, 0, 0, 3, 238, 67, 110, 
254, 14, 87, 1, 0, 59, 1, 1, 0, 224, 32, 69, 
129, 4, 53, 1, 1, 77, 1, 0, 4, 13, 13, 90, 
224, 2, 216, 0, 1, 83, 0, 0, 3, 47, 138, 160, 
254, 14, 87, 1, 0, 59, 1, 1, 1, 225, 138, 160, 
129, 4, 53, 1, 1, 70, 1, 0, 0, 224, 32, 138, 
129, 4, 53, 0, 0, 27, 1, 1, 4, 213, 156, 49, 
224, 2, 216, 0, 1, 43, 0, 0, 0, 81, 159, 161, 
224, 2, 216, 0, 1, 83, 0, 0, 3, 47, 67, 110, 
254, 14, 87, 1, 0, 59, 1, 1, 1, 32, 48, 237, 
254, 14, 87, 1, 0, 77, 1, 0, 0, 11, 64, 138, 
129, 4, 53, 1, 1, 83, 0, 0, 3, 47, 234, 110, 
224, 2, 234, 0, 1, 43, 0, 0, 0, 81, 159, 161, 
224, 26, 234, 0, 1, 43, 0, 0, 0, 81, 159, 161, 
129, 26, 234, 0, 1, 43, 0, 0, 0, 81, 159, 161, 
254, 14, 234, 0, 1, 43, 0, 0, 0, 81, 159, 161, 
224, 2, 216, 0, 1, 83, 0, 0, 3, 47, 234, 198, 
153, 17, 184, 0, 1, 83, 0, 0, 3, 47, 234, 198, 
224, 2, 216, 0, 1, 83, 0, 0, 3, 47, 234, 198, 
254, 14, 87, 1, 0, 59, 1, 1, 1, 47, 234, 198, 
129, 4, 53, 1, 1, 77, 1, 0, 0, 238, 67, 110, 
129, 4, 53, 1, 1, 70, 1, 0, 0, 224, 32, 69, 
129, 4, 53, 1, 1, 77, 1, 0, 0, 11, 64, 138, 
224, 2, 216, 0, 1, 83, 0, 0, 2, 238, 67, 110, 
254, 14, 216, 0, 1, 83, 0, 0, 3, 47, 234, 198, 
254, 14, 87, 1, 0, 59, 1, 1, 1, 32, 48, 237, 
254, 14, 87, 1, 0, 83, 0, 0, 3, 47, 234, 198, 
224, 2, 216, 0, 1, 83, 0, 0, 3, 47, 234, 198, 
224, 26, 234, 0, 1, 43, 0, 0, 0, 81, 159, 161, 
254, 14, 87, 1, 0, 56, 0, 0, 2, 238, 67, 110, 
254, 14, 87, 1, 0, 59, 1, 0, 4, 13, 13, 90, 
221, 83, 74, 1, 1, 41, 0, 1, 4, 213, 156, 49, 
224, 2, 216, 0, 1, 83, 0, 0, 3, 238, 67, 110, 
254, 14, 87, 1, 0, 83, 0, 0, 3, 47, 234, 110, 
224, 2, 216, 1, 0, 59, 1, 1, 1, 32, 48, 237, 
129, 4, 53, 1, 0, 56, 0, 0, 2, 238, 67, 110, 
129, 4, 53, 1, 1, 77, 1, 0, 0, 11, 64, 138, 
129, 2, 216, 0, 1, 83, 0, 0, 3, 47, 234, 198, 
224, 2, 216, 0, 1, 83, 0, 0, 3, 47, 48, 237, 
254, 14, 87, 1, 0, 59, 1, 1, 1, 32, 48, 138, 
224, 2, 216, 0, 1, 83, 0, 0, 3, 47, 234, 198, 
129, 4, 53, 1, 1, 77, 1, 0, 0, 11, 64, 138, 
129, 4, 53, 1, 1, 77, 1, 0, 0, 47, 138, 160, 
224, 2, 216, 0, 1, 83, 0, 0, 3, 47, 234, 198, 
224, 14, 87, 1, 0, 59, 1, 1, 0, 224, 32, 69, 
224, 2, 216, 0, 1, 83, 0, 0, 3, 47, 138, 160, 
142, 26, 234, 0, 1, 43, 0, 1, 0, 224, 32, 69, 
129, 4, 53, 1, 1, 77, 1, 0, 0, 11, 64, 138, 
153, 17, 184, 1, 0, 56, 0, 0, 2, 238, 67, 110, 
129, 4, 216, 1, 0, 56, 0, 0, 2, 238, 67, 110, 
224, 2, 216, 0, 1, 83, 0, 0, 3, 47, 234, 198, 
224, 2, 216, 0, 1, 83, 0, 0, 3, 47, 234, 198, 
142, 26, 234, 0, 1, 43, 0, 0, 0, 81, 159, 161, 
254, 2, 216, 0, 1, 83, 0, 0, 3, 47, 234, 198, 
254, 2, 216, 0, 1, 83, 0, 0, 3, 47, 234, 198, 
254, 14, 87, 1, 0, 59, 1, 1, 1, 225, 138, 160, 
254, 14, 87, 1, 0, 59, 1, 1, 1, 32, 48, 237, 
224, 2, 87, 1, 0, 59, 1, 1, 1, 32, 48, 237, 
221, 83, 74, 1, 1, 41, 0, 1, 4, 213, 156, 49, 
224, 2, 216, 0, 1, 83, 0, 0, 3, 47, 234, 198, 



224, 2, 216, 1, 0, 59, 1, 1, 1, 32, 48, 237, 
129, 4, 53, 1, 1, 77, 1, 0, 0, 11, 64, 138, 
129, 4, 53, 1, 1, 77, 1, 0, 0, 11, 64, 138, 
129, 4, 53, 1, 1, 77, 1, 0, 0, 11, 64, 138, 
129, 4, 53, 1, 1, 77, 1, 0, 0, 11, 64, 138, 
224, 2, 216, 0, 1, 83, 0, 0, 0, 11, 64, 138, 
224, 2, 216, 0, 1, 83, 0, 0, 0, 11, 64, 138, 
224, 2, 216, 1, 0, 59, 1, 1, 1, 32, 48, 237, 
224, 2, 216, 0, 1, 83, 0, 0, 3, 47, 64, 138, 
129, 4, 53, 1, 1, 77, 1, 0, 0, 11, 64, 138, 
129, 4, 53, 1, 1, 77, 1, 0, 0, 11, 64, 138, 
224, 2, 216, 0, 1, 83, 0, 0, 3, 47, 234, 198, 
224, 2, 216, 1, 0, 59, 1, 1, 1, 32, 48, 237, 
224, 2, 216, 1, 0, 59, 1, 1, 1, 32, 48, 237, 
224, 2, 216, 1, 0, 59, 1, 1, 0, 11, 64, 138, 
224, 2, 216, 0, 1, 83, 0, 0, 3, 47, 64, 138, 
129, 4, 53, 1, 1, 77, 1, 0, 0, 11, 64, 138, 
129, 4, 53, 1, 1, 77, 1, 0, 0, 11, 64, 138, 
129, 1, 53, 1, 1, 77, 1, 1, 1, 47, 48, 237, 
224, 2, 216, 1, 1, 83, 0, 0, 3, 47, 234, 198, 
129, 4, 53, 1, 0, 59, 1, 1, 1, 32, 48, 237, 
224, 2, 216, 1, 0, 59, 1, 1, 1, 32, 64, 138, 
129, 4, 53, 1, 1, 77, 1, 0, 0, 11, 64, 138, 
129, 4, 53, 1, 1, 77, 1, 0, 0, 11, 64, 138, 
129, 4, 53, 1, 1, 77, 1, 0, 0, 11, 64, 138, 
129, 4, 53, 1, 1, 77, 1, 0, 0, 11, 64, 138, 
224, 2, 216, 0, 1, 83, 0, 1, 1, 32, 48, 237, 
129, 4, 53, 1, 1, 77, 1, 0, 0, 11, 64, 138, 
129, 4, 53, 1, 1, 77, 1, 0, 0, 11, 64, 138, 
129, 4, 53, 1, 1, 77, 1, 0, 0, 11, 64, 138, 
224, 2, 216, 0, 1, 83, 0, 0, 3, 47, 234, 198, 
224, 2, 216, 1, 0, 59, 1, 1, 1, 32, 48, 237, 
129, 4, 53, 1, 1, 77, 1, 0, 0, 11, 64, 138, 
224, 2, 216, 0, 1, 83, 0, 0, 0, 11, 64, 138, 
224, 2, 216, 1, 0, 59, 1, 1, 1, 32, 48, 237, 
224, 2, 216, 0, 1, 83, 0, 0, 3, 47, 234, 198, 
129, 4, 53, 1, 1, 77, 0, 0, 3, 47, 234, 198, 
224, 2, 216, 1, 0, 59, 1, 0, 3, 47, 234, 198, 
224, 2, 216, 0, 1, 83, 0, 0, 3, 47, 234, 198, 
129, 4, 53, 1, 1, 77, 1, 0, 0, 11, 64, 138, 
224, 2, 216, 1, 0, 59, 1, 1, 1, 32, 48, 237, 
129, 4, 53, 1, 1, 77, 1, 0, 0, 11, 64, 138, 
129, 4, 53, 1, 1, 77, 1, 0, 0, 11, 64, 138, 
224, 2, 216, 0, 1, 83, 0, 0, 0, 11, 64, 138, 
224, 2, 216, 0, 1, 83, 0, 0, 0, 11, 64, 138, 
224, 2, 216, 1, 0, 59, 1, 1, 1, 32, 48, 237, 
129, 4, 53, 1, 1, 59, 1, 1, 1, 32, 48, 237, 
129, 4, 53, 1, 0, 59, 1, 1, 1, 32, 48, 237, 
129, 4, 53, 0, 1, 83, 0, 0, 3, 47, 234, 198, 
129, 4, 53, 1, 1, 77, 1, 0, 0, 11, 64, 138, 
224, 2, 216, 1, 0, 59, 1, 1, 1, 32, 48, 237, 
129, 4, 53, 1, 1, 77, 1, 0, 0, 11, 64, 138, 
224, 2, 216, 0, 1, 83, 1, 1, 1, 32, 48, 237, 
129, 4, 53, 1, 1, 77, 1, 0, 0, 11, 64, 138, 
129, 4, 53, 1, 1, 83, 0, 0, 3, 47, 234, 198, 
224, 2, 216, 1, 0, 59, 1, 1, 1, 32, 48, 237, 
129, 4, 53, 1, 1, 77, 1, 0, 0, 11, 64, 138, 
224, 2, 216, 1, 1, 77, 1, 0, 0, 11, 64, 138, 
129, 4, 53, 1, 1, 77, 1, 0, 0, 11, 64, 138, 
224, 2, 216, 1, 0, 59, 1, 1, 1, 32, 48, 237, 
224, 2, 216, 0, 1, 83, 0, 0, 3, 47, 234, 198, 
129, 4, 53, 1, 1, 77, 1, 0, 0, 11, 64, 138, 
224, 2, 216, 1, 0, 59, 1, 1, 1, 32, 48, 237, 
224, 2, 216, 1, 1, 77, 1, 0, 0, 11, 64, 138, 
129, 4, 53, 1, 1, 59, 1, 1, 1, 32, 48, 237, 
224, 2, 216, 1, 0, 59, 1, 1, 1, 32, 48, 237, 
129, 4, 53, 1, 1, 77, 1, 0, 0, 11, 64, 138, 
224, 2, 216, 0, 1, 83, 0, 0, 3, 47, 234, 198, 
129, 4, 53, 1, 1, 77, 1, 0, 0, 11, 64, 138, 
129, 4, 53, 1, 1, 77, 1, 0, 0, 11, 64, 138, 
224, 2, 216, 1, 0, 59, 1, 1, 1, 32, 48, 237, 
129, 4, 53, 1, 1, 77, 1, 0, 0, 11, 64, 138, 
129, 4, 53, 1, 1, 83, 0, 0, 3, 47, 234, 198, 
129, 4, 53, 1, 1, 77, 1, 0, 0, 11, 64, 138, 
129, 4, 216, 1, 0, 59, 1, 1, 1, 32, 48, 237, 
224, 2, 216, 1, 0, 59, 1, 0, 3, 47, 234, 198, 
224, 4, 53, 1, 1, 77, 1, 0, 0, 11, 64, 138, 
129, 4, 53, 1, 1, 77, 1, 0, 0, 11, 64, 138, 
224, 2, 53, 1, 1, 77, 1, 0, 0, 11, 64, 138, 
129, 4, 53, 1, 1, 77, 1, 0, 3, 47, 234, 198, 
129, 4, 53, 1, 1, 77, 1, 0, 1, 32, 48, 237, 
224, 2, 216, 1, 0, 59, 1, 1, 1, 32, 48, 237, 
129, 4, 53, 1, 1, 77, 1, 0, 0, 11, 64, 138, 
129, 4, 53, 1, 1, 77, 1, 0, 0, 11, 64, 138, 
224, 2, 216, 0, 1, 83, 0, 0, 3, 47, 234, 198, 
129, 4, 53, 1, 1, 77, 1, 0, 0, 11, 64, 138, 
224, 2, 216, 0, 1, 83, 0, 0, 3, 11, 64, 138, 
224, 2, 216, 0, 1, 83, 0, 0, 3, 47, 48, 237, 
129, 4, 53, 1, 1, 77, 1, 0, 0, 11, 64, 138, 
224, 2, 216, 0, 1, 77, 1, 0, 0, 11, 64, 138, 
224, 4, 53, 1, 1, 77, 1, 0, 0, 11, 64, 138, 
224, 2, 216, 0, 1, 83, 0, 0, 3, 47, 234, 198, 
129, 4, 53, 1, 1, 77, 1, 0, 0, 11, 64, 138, 
129, 4, 53, 1, 1, 77, 1, 0, 0, 11, 64, 138, 
224, 2, 216, 0, 1, 59, 1, 1, 1, 32, 48, 237, 
224, 2, 216, 0, 1, 83, 0, 0, 3, 47, 234, 198, 
224, 2, 216, 0, 1, 83, 0, 0, 3, 47, 234, 198, 
129, 4, 53, 1, 1, 77, 1, 0, 0, 11, 64, 138, 
129, 4, 53, 1, 1, 77, 1, 0, 0, 11, 64, 138, 
224, 2, 216, 0, 1, 83, 0, 0, 3, 47, 234, 198, 
129, 4, 53, 1, 1, 77, 0, 0, 3, 47, 234, 198, 
129, 4, 53, 1, 1, 77, 1, 0, 0, 11, 234, 198, 
224, 2, 216, 1, 0, 59, 1, 1, 1, 32, 48, 237, 
224, 2, 53, 1, 1, 77, 1, 0, 0, 11, 64, 138, 
129, 4, 53, 1, 1, 77, 1, 0, 0, 11, 64, 138, 
224, 2, 216, 0, 1, 83, 1, 0, 0, 11, 64, 138, 
129, 4, 53, 1, 1, 77, 1, 0, 0, 11, 64, 138, 
224, 2, 216, 0, 1, 77, 1, 0, 0, 11, 64, 138, 
129, 4, 53, 1, 1, 77, 1, 0, 0, 11, 234, 198, 
129, 4, 53, 1, 1, 77, 1, 0, 0, 11, 64, 138, 
224, 2, 216, 0, 1, 83, 0, 0, 3, 47, 234, 198, 
224, 2, 216, 1, 0, 59, 1, 1, 1, 32, 48, 237, 
224, 106, 237, 0, 1, 89, 0, 0, 3, 47, 234, 214, 
224, 2, 216, 0, 1, 83, 1, 1, 1, 32, 48, 237, 
129, 4, 53, 1, 1, 77, 1, 0, 0, 11, 64, 138, 
224, 2, 216, 0, 1, 83, 0, 0, 3, 47, 234, 138, 
129, 4, 53, 1, 1, 77, 1, 0, 0, 11, 64, 138, 
224, 2, 216, 1, 0, 59, 1, 1, 1, 32, 48, 237, 
129, 4, 53, 1, 1, 77, 1, 0, 0, 11, 64, 138, 
129, 4, 53, 1, 1, 77, 1, 0, 3, 47, 234, 198, 
224, 2, 216, 0, 1, 83, 0, 0, 3, 47, 234, 198, 
224, 2, 216, 0, 1, 83, 0, 0, 3, 47, 234, 198, 
129, 4, 53, 1, 1, 77, 1, 0, 0, 11, 64, 138, 
224, 2, 216, 0, 1, 83, 0, 0, 3, 47, 48, 237, 
129, 4, 53, 1, 1, 77, 1, 0, 0, 11, 64, 138, 
129, 4, 53, 1, 1, 77, 1, 0, 0, 11, 64, 138, 
224, 2, 216, 1, 0, 59, 1, 1, 1, 32, 48, 237, 
224, 2, 216, 0, 1, 83, 1, 1, 1, 32, 48, 237, 
129, 4, 53, 1, 1, 77, 1, 0, 0, 11, 64, 138, 
129, 2, 216, 0, 1, 83, 0, 0, 3, 47, 234, 198, 
224, 2, 216, 1, 0, 59, 1, 1, 1, 32, 48, 237, 
224, 2, 216, 0, 1, 83, 0, 0, 3, 47, 234, 198, 
129, 4, 53, 1, 1, 77, 1, 0, 0, 11, 64, 138, 
224, 2, 216, 0, 1, 83, 0, 0, 3, 47, 234, 198, 
224, 2, 216, 1, 0, 59, 1, 0, 0, 11, 64, 138, 
224, 2, 216, 1, 0, 59, 1, 0, 0, 11, 64, 138, 
129, 4, 53, 1, 1, 77, 1, 0, 0, 11, 64, 138, 
224, 2, 216, 1, 0, 59, 1, 1, 1, 32, 48, 237, 
224, 2, 216, 0, 1, 83, 0, 0, 3, 47, 234, 198, 
224, 2, 216, 1, 0, 59, 1, 1, 1, 32, 48, 237, 
224, 2, 216, 0, 1, 83, 0, 0, 3, 47, 234, 198, 
129, 4, 53, 1, 1, 77, 1, 0, 0, 11, 64, 138, 
224, 2, 216, 1, 0, 59, 1, 1, 1, 11, 64, 138, 
224, 2, 216, 1, 0, 59, 1, 1, 1, 32, 48, 237, 
224, 2, 53, 1, 1, 77, 1, 0, 0, 11, 64, 138, 
129, 4, 53, 1, 1, 77, 1, 0, 0, 11, 64, 138, 
224, 2, 216, 0, 1, 83, 0, 0, 3, 47, 234, 198, 
129, 4, 53, 1, 1, 77, 1, 0, 1, 32, 48, 237, 
129, 4, 53, 1, 1, 77, 1, 0, 0, 11, 64, 138, 
129, 4, 53, 1, 1, 77, 1, 0, 0, 11, 64, 138, 
129, 4, 216, 0, 1, 83, 0, 0, 3, 47, 234, 198, 
224, 2, 216, 1, 0, 59, 1, 0, 0, 11, 64, 138, 
129, 4, 53, 1, 1, 77, 1, 0, 0, 47, 234, 198, 
224, 2, 216, 1, 0, 59, 1, 1, 1, 32, 48, 237, 
224, 2, 216, 1, 0, 59, 1, 1, 1, 32, 48, 237, 
224, 2, 216, 0, 1, 83, 0, 0, 3, 47, 234, 198, 
224, 2, 216, 0, 1, 83, 0, 0, 3, 47, 234, 198, 
224, 2, 216, 0, 1, 83, 0, 0, 0, 11, 64, 138, 
224, 2, 216, 0, 1, 83, 0, 0, 3, 47, 234, 198, 
224, 2, 53, 1, 1, 77, 1, 0, 0, 11, 64, 138, 
224, 2, 216, 1, 1, 77, 1, 0, 0, 11, 64, 138, 
129, 2, 216, 0, 1, 83, 0, 0, 3, 47, 234, 198, 
224, 2, 216, 1, 0, 59, 1, 1, 1, 32, 48, 237, 
224, 2, 216, 0, 1, 83, 0, 0, 3, 47, 234, 198, 
129, 4, 53, 1, 1, 77, 1, 0, 3, 47, 234, 198, 
129, 4, 53, 1, 1, 77, 1, 0, 0, 11, 64, 138, 
129, 4, 53, 1, 1, 77, 1, 0, 0, 11, 64, 138, 
129, 4, 53, 1, 1, 77, 1, 0, 0, 11, 64, 138, 
129, 4, 53, 1, 1, 77, 1, 0, 0, 11, 64, 138, 
129, 4, 53, 1, 1, 77, 1, 0, 0, 11, 64, 138, 
129, 4, 216, 0, 1, 83, 0, 0, 3, 47, 234, 198, 
224, 2, 216, 1, 0, 59, 1, 1, 1, 32, 48, 237, 
224, 2, 216, 1, 0, 59, 1, 1, 1, 32, 64, 138, 
224, 2, 216, 0, 1, 83, 0, 0, 3, 47, 234, 198, 
129, 4, 53, 1, 1, 77, 1, 0, 0, 11, 64, 138, 
129, 4, 53, 1, 1, 77, 1, 0, 0, 11, 64, 237, 
129, 4, 53, 1, 1, 77, 1, 0, 0, 11, 64, 138, 
129, 4, 53, 1, 1, 77, 1, 0, 0, 11, 64, 138, 
129, 4, 53, 1, 1, 77, 1, 0, 0, 11, 64, 138, 
224, 2, 216, 0, 1, 83, 0, 0, 0, 11, 64, 138, 
224, 2, 216, 0, 1, 83, 0, 0, 3, 47, 234, 198, 
129, 4, 53, 1, 1, 77, 1, 0, 0, 11, 64, 138, 
129, 4, 53, 1, 1, 77, 1, 0, 0, 11, 64, 138, 
224, 2, 216, 0, 1, 59, 1, 1, 1, 32, 48, 237, 
129, 4, 53, 1, 1, 77, 1, 0, 0, 11, 64, 138, 
129, 4, 53, 1, 1, 77, 1, 0, 0, 11, 64, 138, 
129, 4, 53, 1, 1, 77, 1, 0, 0, 11, 64, 138, 
129, 4, 53, 1, 1, 77, 1, 0, 0, 11, 64, 138, 
129, 4, 53, 1, 1, 77, 1, 0, 0, 11, 64, 138, 
224, 2, 216, 1, 0, 59, 1, 0, 3, 47, 234, 198, 
224, 2, 216, 1, 0, 59, 1, 1, 1, 32, 48, 237, 
129, 4, 53, 1, 1, 77, 1, 0, 0, 11, 64, 138, 
224, 2, 216, 1, 0, 59, 1, 1, 1, 32, 48, 237, 
129, 4, 53, 0, 1, 83, 0, 0, 3, 47, 234, 198, 
224, 2, 216, 0, 1, 83, 0, 0, 3, 47, 234, 198, 
224, 2, 216, 1, 0, 59, 1, 1, 0, 11, 64, 138, 
129, 4, 53, 1, 1, 77, 1, 0, 0, 11, 64, 138, 
129, 4, 53, 1, 1, 77, 1, 0, 0, 47, 234, 198, 
224, 2, 216, 0, 1, 83, 0, 0, 3, 47, 234, 198, 
224, 2, 216, 1, 0, 59, 1, 1, 1, 32, 48, 237, 



129, 4, 53, 1, 1, 77, 1, 0, 0, 47, 64, 138, 
224, 2, 216, 1, 0, 59, 1, 1, 1, 32, 48, 237, 
224, 2, 216, 0, 1, 83, 1, 1, 1, 32, 48, 237, 
129, 4, 53, 1, 1, 77, 1, 0, 0, 11, 64, 138, 
224, 2, 216, 1, 0, 59, 1, 0, 3, 47, 234, 198, 
224, 2, 216, 1, 0, 59, 1, 1, 1, 32, 48, 237, 
224, 2, 216, 1, 0, 59, 1, 0, 3, 47, 234, 198, 
129, 4, 53, 1, 1, 77, 1, 0, 3, 47, 234, 198, 
224, 2, 216, 1, 1, 83, 0, 0, 3, 47, 234, 198, 
129, 4, 53, 0, 1, 83, 0, 0, 0, 11, 64, 138, 
224, 2, 216, 0, 1, 83, 0, 0, 3, 47, 234, 198, 
224, 2, 216, 0, 1, 83, 0, 0, 0, 11, 234, 198, 
129, 2, 216, 0, 1, 83, 0, 0, 3, 47, 234, 198, 
129, 4, 53, 1, 1, 77, 1, 0, 0, 11, 64, 138, 
224, 4, 53, 1, 1, 77, 1, 0, 0, 11, 64, 138, 
129, 4, 53, 1, 1, 77, 1, 0, 0, 11, 234, 198, 
224, 2, 216, 0, 1, 83, 0, 0, 3, 47, 234, 138, 
129, 4, 53, 1, 1, 77, 1, 0, 0, 11, 64, 138, 
129, 4, 53, 1, 1, 77, 1, 0, 0, 11, 234, 198, 
129, 4, 53, 1, 1, 77, 1, 0, 0, 11, 64, 237, 
129, 4, 53, 1, 1, 77, 0, 0, 3, 47, 234, 198, 
224, 2, 216, 1, 0, 59, 1, 1, 1, 32, 48, 237, 
224, 2, 216, 0, 1, 77, 1, 0, 0, 11, 64, 138, 
224, 2, 216, 0, 1, 83, 0, 0, 3, 47, 234, 198, 
129, 2, 216, 0, 1, 83, 0, 0, 3, 47, 234, 198, 
129, 4, 53, 1, 1, 77, 1, 0, 0, 11, 64, 237, 
224, 2, 216, 0, 1, 83, 0, 0, 3, 47, 48, 237, 
129, 4, 53, 1, 1, 77, 0, 0, 3, 47, 234, 198, 
224, 2, 216, 0, 1, 83, 1, 1, 1, 32, 48, 138, 
224, 2, 216, 0, 1, 83, 0, 0, 0, 11, 64, 138, 
224, 2, 216, 0, 1, 83, 0, 0, 3, 47, 234, 198, 
129, 4, 53, 1, 1, 77, 1, 0, 0, 11, 64, 138, 
129, 4, 53, 1, 1, 83, 0, 0, 3, 47, 234, 198, 
224, 2, 216, 0, 1, 77, 1, 0, 0, 11, 64, 138, 
129, 4, 53, 1, 1, 77, 1, 0, 1, 32, 48, 237, 
224, 2, 216, 0, 1, 83, 0, 0, 3, 47, 234, 198, 
224, 2, 216, 1, 0, 59, 1, 0, 0, 47, 234, 198, 
224, 2, 216, 0, 1, 83, 0, 0, 3, 47, 234, 198, 
129, 4, 53, 1, 1, 77, 1, 0, 0, 11, 64, 138, 
129, 4, 53, 0, 1, 83, 0, 0, 3, 47, 234, 198, 
224, 2, 53, 1, 1, 77, 1, 0, 0, 11, 64, 138, 
224, 2, 53, 1, 0, 59, 1, 1, 1, 32, 48, 237, 
129, 4, 53, 0, 1, 83, 0, 0, 3, 47, 234, 198, 
129, 4, 53, 1, 1, 77, 1, 0, 0, 11, 64, 138, 
224, 4, 53, 1, 1, 77, 1, 0, 0, 11, 64, 138, 
129, 4, 53, 1, 1, 59, 1, 1, 1, 32, 48, 237, 
224, 2, 216, 0, 1, 83, 0, 0, 3, 47, 234, 198, 
224, 2, 216, 0, 1, 83, 0, 0, 3, 11, 64, 138, 
224, 2, 216, 0, 1, 77, 1, 0, 3, 47, 234, 198, 
129, 2, 216, 0, 1, 83, 0, 0, 3, 47, 234, 198, 
224, 2, 216, 0, 1, 83, 0, 0, 0, 11, 64, 138, 
224, 2, 216, 0, 1, 83, 0, 0, 3, 47, 234, 198, 
129, 4, 53, 0, 1, 83, 0, 0, 3, 47, 64, 138, 
129, 4, 216, 0, 1, 83, 0, 0, 3, 47, 234, 198, 
224, 2, 216, 0, 1, 83, 0, 0, 3, 47, 234, 198, 
224, 2, 216, 0, 1, 83, 1, 1, 1, 32, 48, 237, 
224, 2, 216, 0, 1, 77, 1, 0, 0, 11, 64, 138, 
129, 4, 53, 1, 1, 77, 1, 0, 3, 47, 234, 198, 
129, 4, 53, 1, 1, 77, 0, 0, 0, 11, 64, 138, 
129, 4, 53, 0, 1, 83, 0, 0, 3, 47, 234, 198, 
129, 4, 53, 1, 1, 77, 1, 0, 0, 11, 64, 138, 
129, 4, 53, 1, 1, 77, 1, 0, 0, 11, 64, 198, 
129, 4, 53, 1, 1, 83, 0, 0, 3, 47, 234, 198, 
129, 4, 53, 1, 1, 77, 0, 0, 3, 47, 234, 198, 
224, 2, 216, 0, 1, 83, 0, 0, 3, 47, 234, 198, 
224, 2, 216, 0, 1, 83, 0, 0, 3, 47, 234, 198, 
129, 4, 53, 1, 1, 77, 1, 0, 3, 47, 48, 237, 
224, 2, 216, 0, 1, 83, 0, 0, 3, 11, 64, 138, 
129, 4, 216, 0, 1, 83, 0, 0, 3, 47, 234, 198, 
224, 2, 216, 1, 0, 59, 1, 1, 1, 32, 48, 237, 
224, 2, 216, 0, 1, 83, 0, 0, 3, 47, 234, 198, 
224, 2, 216, 1, 1, 77, 1, 0, 0, 11, 64, 138, 
224, 2, 216, 0, 1, 83, 0, 0, 0, 11, 64, 138, 
224, 2, 216, 0, 1, 45, 0, 0, 3, 47, 234, 198, 
129, 4, 53, 1, 1, 77, 1, 0, 0, 11, 64, 138, 
129, 4, 53, 1, 1, 77, 1, 0, 0, 11, 64, 138, 
129, 4, 216, 0, 1, 77, 1, 0, 0, 11, 64, 138, 
129, 4, 53, 1, 1, 77, 1, 0, 0, 11, 64, 138, 
224, 2, 216, 0, 1, 83, 0, 0, 3, 47, 234, 198, 
129, 4, 53, 1, 1, 83, 0, 0, 3, 47, 234, 198, 
129, 4, 53, 1, 1, 77, 1, 0, 0, 11, 64, 138, 
129, 4, 53, 1, 1, 77, 1, 0, 0, 11, 64, 198, 
224, 2, 53, 1, 1, 77, 1, 0, 0, 11, 64, 138, 
224, 4, 53, 1, 1, 77, 1, 0, 0, 11, 64, 138, 
224, 2, 216, 1, 0, 59, 1, 1, 1, 11, 64, 138, 
224, 2, 216, 0, 1, 77, 1, 0, 0, 11, 64, 138, 
129, 4, 53, 1, 1, 77, 1, 0, 0, 11, 64, 138, 
129, 4, 53, 1, 1, 77, 1, 0, 0, 11, 64, 138, 
224, 2, 216, 1, 0, 59, 1, 0, 3, 47, 234, 198, 
129, 4, 53, 1, 1, 77, 1, 0, 1, 32, 48, 237, 
129, 4, 53, 1, 1, 77, 1, 0, 0, 11, 3, 22, 
129, 4, 53, 1, 1, 77, 1, 0, 0, 11, 64, 138, 
129, 2, 216, 0, 1, 83, 0, 0, 3, 47, 234, 198, 
224, 2, 216, 0, 1, 83, 0, 0, 0, 11, 64, 138, 
224, 2, 216, 1, 0, 59, 1, 1, 1, 32, 48, 237, 
224, 2, 216, 1, 0, 59, 1, 1, 1, 11, 64, 138, 
224, 2, 216, 0, 1, 83, 1, 0, 3, 47, 64, 138, 
129, 4, 53, 1, 0, 59, 1, 1, 1, 47, 234, 198, 
129, 1, 216, 1, 1, 83, 0, 0, 3, 47, 234, 198, 
129, 4, 53, 1, 1, 77, 1, 0, 0, 11, 234, 198, 
224, 2, 216, 0, 1, 83, 0, 0, 3, 22, 239, 41, 
224, 2, 216, 1, 1, 77, 1, 0, 0, 11, 64, 138, 
129, 4, 53, 0, 1, 83, 0, 0, 3, 47, 234, 198, 
224, 2, 216, 0, 1, 83, 0, 0, 0, 11, 64, 138, 
129, 4, 53, 1, 1, 77, 1, 0, 0, 11, 64, 138, 
129, 4, 53, 1, 0, 59, 1, 1, 1, 32, 48, 237, 
224, 2, 216, 0, 1, 83, 0, 0, 3, 47, 234, 138, 
129, 4, 53, 1, 1, 77, 1, 0, 0, 32, 48, 237, 
129, 4, 53, 1, 1, 77, 1, 0, 0, 11, 64, 138, 
224, 2, 216, 1, 1, 77, 1, 0, 0, 11, 64, 138, 
129, 4, 53, 1, 1, 77, 1, 0, 0, 11, 64, 138, 
224, 2, 216, 0, 1, 83, 0, 0, 0, 11, 64, 138, 
224, 2, 216, 0, 1, 83, 0, 0, 3, 47, 234, 138, 
224, 2, 216, 0, 0, 83, 0, 0, 1, 32, 48, 237, 
224, 2, 216, 0, 1, 83, 0, 0, 0, 11, 64, 138, 
224, 2, 53, 1, 1, 77, 1, 0, 0, 47, 234, 198, 
129, 2, 216, 0, 1, 83, 0, 0, 3, 47, 234, 198, 
129, 4, 53, 1, 1, 83, 0, 0, 3, 47, 234, 198, 
224, 2, 216, 1, 0, 59, 1, 0, 0, 11, 64, 138, 
224, 2, 216, 0, 1, 83, 0, 0, 3, 47, 234, 198, 
129, 4, 53, 1, 0, 59, 1, 1, 1, 32, 48, 237, 
129, 4, 53, 1, 1, 77, 1, 0, 0, 11, 64, 138, 
224, 2, 216, 0, 1, 83, 0, 0, 3, 11, 64, 138, 
224, 2, 216, 1, 0, 59, 1, 1, 1, 32, 48, 237, 
224, 4, 53, 1, 1, 77, 1, 0, 0, 11, 64, 138, 
224, 2, 216, 0, 1, 83, 0, 0, 3, 47, 234, 198, 
224, 2, 216, 0, 1, 77, 1, 0, 0, 11, 64, 138, 
224, 2, 216, 0, 1, 59, 1, 1, 1, 32, 48, 237, 
129, 4, 53, 1, 1, 83, 0, 0, 3, 47, 234, 198, 
129, 4, 216, 0, 1, 83, 0, 0, 0, 11, 64, 138, 
224, 2, 216, 0, 1, 83, 0, 0, 0, 11, 64, 138, 
129, 2, 216, 0, 1, 83, 1, 1, 1, 32, 48, 237, 
224, 2, 216, 0, 1, 59, 1, 1, 1, 32, 48, 237, 
224, 2, 216, 0, 1, 83, 1, 1, 1, 32, 48, 237, 
224, 2, 216, 0, 1, 83, 0, 0, 0, 11, 64, 138, 
224, 2, 216, 0, 1, 83, 1, 0, 0, 11, 64, 138, 
224, 2, 216, 1, 0, 59, 1, 1, 1, 11, 64, 138, 
224, 2, 216, 0, 1, 83, 0, 0, 0, 11, 64, 138, 
129, 4, 53, 1, 1, 77, 1, 0, 0, 11, 64, 237, 
129, 4, 53, 1, 1, 59, 1, 1, 1, 32, 48, 237, 
224, 2, 216, 1, 0, 59, 1, 0, 0, 11, 64, 138, 
129, 4, 53, 1, 1, 77, 1, 0, 0, 11, 234, 198, 
224, 2, 216, 0, 1, 83, 0, 0, 3, 11, 64, 138, 
224, 2, 216, 0, 1, 83, 0, 0, 3, 47, 234, 198, 
224, 2, 216, 1, 1, 83, 0, 0, 0, 11, 64, 138, 
224, 2, 216, 0, 1, 83, 0, 0, 3, 47, 48, 237, 
129, 4, 53, 0, 1, 83, 0, 0, 3, 47, 234, 237, 
224, 2, 53, 1, 1, 77, 1, 0, 0, 11, 64, 138, 
129, 4, 53, 1, 1, 77, 1, 0, 1, 32, 48, 237, 
224, 2, 216, 0, 1, 83, 0, 0, 3, 47, 64, 138, 
129, 4, 53, 1, 1, 77, 1, 0, 0, 11, 64, 138, 
224, 2, 216, 0, 1, 83, 0, 0, 0, 11, 64, 138, 
224, 2, 216, 1, 0, 59, 1, 1, 1, 32, 48, 237, 
224, 2, 216, 0, 1, 83, 0, 0, 0, 11, 64, 138, 
224, 2, 216, 0, 1, 59, 1, 1, 1, 32, 48, 237, 
129, 2, 216, 1, 0, 59, 1, 1, 1, 32, 48, 237, 
224, 2, 53, 1, 1, 59, 1, 1, 1, 32, 48, 237, 
224, 2, 216, 1, 0, 59, 1, 1, 1, 32, 64, 138, 
129, 4, 53, 1, 1, 77, 1, 0, 3, 47, 234, 198, 
224, 2, 216, 0, 1, 83, 0, 0, 3, 47, 234, 198, 
129, 4, 53, 1, 1, 77, 1, 0, 0, 11, 64, 138, 
224, 2, 216, 1, 0, 59, 1, 1, 1, 32, 48, 237, 
224, 2, 216, 1, 0, 77, 1, 0, 0, 11, 64, 138, 
129, 4, 53, 1, 1, 77, 1, 0, 0, 11, 64, 138, 
224, 2, 216, 0, 1, 83, 0, 0, 3, 47, 234, 198, 
224, 2, 53, 1, 1, 77, 1, 0, 0, 11, 64, 138, 
129, 4, 53, 1, 1, 77, 1, 0, 0, 11, 64, 138, 
129, 4, 53, 1, 1, 77, 1, 0, 0, 11, 64, 138, 
129, 4, 53, 1, 1, 77, 0, 0, 3, 47, 234, 198, 
224, 4, 53, 1, 1, 77, 1, 0, 0, 11, 64, 138, 
224, 2, 53, 1, 1, 77, 1, 0, 3, 47, 234, 198, 
129, 4, 53, 1, 1, 77, 1, 0, 0, 11, 64, 138, 
224, 4, 53, 1, 1, 77, 1, 0, 0, 11, 64, 138, 
224, 2, 216, 0, 1, 59, 1, 1, 1, 32, 48, 237, 
129, 4, 53, 1, 1, 77, 1, 0, 0, 11, 64, 138, 
224, 2, 216, 1, 0, 59, 1, 1, 1, 32, 48, 237, 
224, 2, 216, 0, 1, 83, 0, 0, 3, 47, 234, 198, 
129, 4, 53, 1, 1, 77, 1, 0, 0, 11, 64, 138, 
224, 2, 216, 0, 1, 83, 0, 0, 0, 11, 64, 138, 
129, 4, 53, 1, 1, 77, 1, 0, 0, 11, 64, 138, 
224, 4, 53, 1, 1, 77, 1, 0, 0, 11, 64, 138, 
224, 2, 216, 1, 0, 59, 1, 1, 1, 32, 48, 138, 
129, 4, 53, 1, 1, 77, 1, 0, 0, 11, 64, 138, 
224, 2, 216, 0, 1, 83, 0, 0, 3, 47, 234, 198, 
129, 2, 216, 0, 1, 83, 0, 0, 3, 47, 234, 198, 
224, 2, 53, 1, 1, 77, 1, 0, 0, 11, 64, 138, 
129, 4, 53, 1, 1, 77, 1, 0, 0, 11, 64, 138, 
129, 4, 53, 1, 1, 77, 1, 0, 0, 11, 64, 138, 
129, 4, 53, 1, 1, 83, 1, 1, 1, 32, 48, 237, 
129, 4, 53, 1, 1, 77, 1, 0, 0, 11, 64, 138, 
129, 4, 53, 1, 1, 77, 1, 0, 0, 11, 64, 138, 
224, 2, 216, 0, 1, 83, 1, 1, 1, 32, 48, 138, 
129, 4, 53, 1, 1, 77, 1, 0, 0, 11, 64, 138, 
129, 4, 53, 1, 1, 77, 1, 0, 0, 11, 64, 138, 
224, 2, 53, 1, 1, 83, 0, 0, 3, 47, 234, 198, 
242, 2, 254, 1, 0, 59, 1, 1, 1, 32, 32, 255, 
224, 2, 216, 0, 1, 83, 0, 0, 3, 47, 234, 198, 
224, 2, 216, 1, 1, 77, 1, 0, 0, 11, 64, 138, 
224, 2, 216, 0, 1, 83, 0, 0, 0, 11, 64, 138, 
224, 2, 216, 1, 0, 59, 1, 1, 1, 32, 48, 237, 



129, 4, 53, 1, 1, 77, 1, 0, 0, 47, 234, 198, 
224, 2, 216, 0, 1, 83, 0, 0, 3, 47, 48, 237, 
224, 2, 216, 0, 1, 83, 1, 1, 1, 32, 48, 237, 
224, 2, 216, 0, 1, 83, 0, 0, 3, 47, 234, 198, 
224, 2, 53, 1, 1, 77, 1, 0, 3, 47, 234, 198, 
224, 2, 216, 1, 0, 59, 1, 1, 1, 32, 48, 237, 
129, 4, 53, 1, 1, 77, 1, 0, 0, 11, 64, 138, 
224, 2, 216, 0, 1, 83, 0, 0, 0, 11, 64, 138, 
129, 4, 53, 1, 1, 77, 0, 0, 3, 47, 234, 198, 
129, 4, 53, 1, 1, 77, 0, 0, 3, 47, 234, 237, 
224, 4, 53, 1, 1, 77, 1, 0, 0, 11, 64, 138, 
129, 4, 53, 1, 1, 77, 1, 1, 1, 11, 64, 138, 
129, 4, 53, 1, 1, 83, 0, 0, 3, 47, 234, 198, 
224, 2, 216, 0, 1, 83, 0, 0, 0, 11, 64, 138, 
224, 2, 216, 0, 1, 83, 0, 0, 3, 47, 234, 138, 
224, 2, 53, 1, 0, 59, 1, 1, 1, 32, 48, 237, 
224, 2, 216, 0, 1, 83, 0, 0, 3, 11, 64, 237, 
129, 2, 216, 0, 1, 83, 0, 0, 3, 47, 234, 198, 
224, 2, 216, 0, 1, 83, 0, 0, 3, 47, 234, 198, 
129, 4, 53, 1, 1, 77, 1, 0, 0, 11, 64, 198, 
129, 4, 53, 1, 1, 77, 1, 0, 0, 11, 64, 138, 
129, 4, 53, 1, 1, 77, 1, 0, 0, 11, 64, 237, 
224, 2, 216, 0, 1, 83, 0, 0, 3, 47, 234, 198, 
129, 4, 53, 1, 1, 83, 0, 0, 3, 47, 234, 198, 
224, 2, 216, 0, 1, 83, 0, 0, 3, 47, 234, 198, 
224, 2, 53, 1, 1, 77, 0, 0, 3, 47, 234, 198, 
224, 2, 216, 0, 1, 83, 0, 0, 0, 11, 64, 138, 
224, 4, 53, 1, 1, 77, 1, 0, 0, 11, 64, 138, 
224, 2, 216, 0, 1, 83, 0, 0, 3, 47, 234, 198, 
224, 2, 216, 0, 1, 83, 0, 0, 3, 11, 64, 138, 
224, 4, 53, 1, 1, 77, 1, 0, 0, 11, 64, 138, 
129, 4, 53, 1, 1, 83, 0, 0, 3, 47, 234, 198, 
224, 2, 53, 1, 1, 77, 0, 0, 3, 47, 234, 198, 
129, 4, 216, 0, 1, 83, 0, 0, 0, 11, 64, 138, 
224, 2, 53, 1, 1, 77, 1, 0, 0, 47, 234, 198, 
129, 4, 53, 0, 0, 83, 0, 0, 1, 32, 48, 237, 
129, 4, 53, 1, 1, 83, 0, 0, 0, 11, 64, 138, 
129, 4, 216, 0, 1, 83, 0, 0, 3, 47, 48, 237, 
129, 4, 53, 1, 1, 77, 1, 0, 0, 11, 64, 138, 
129, 4, 53, 1, 1, 77, 1, 0, 0, 11, 64, 198, 
129, 4, 53, 1, 1, 77, 1, 0, 0, 11, 64, 138, 
224, 224, 216, 0, 1, 83, 0, 0, 0, 11, 234, 198, 
224, 2, 53, 1, 1, 77, 1, 0, 3, 47, 64, 138, 
224, 2, 216, 0, 1, 83, 0, 0, 0, 11, 64, 138, 
129, 4, 53, 1, 1, 77, 1, 0, 0, 11, 64, 138, 
224, 2, 216, 0, 1, 83, 0, 0, 0, 11, 64, 138, 
224, 2, 216, 0, 1, 83, 0, 0, 3, 47, 234, 198, 
129, 4, 53, 1, 1, 83, 0, 0, 3, 47, 234, 198, 
129, 4, 53, 1, 1, 77, 1, 0, 0, 11, 64, 138, 
224, 2, 216, 0, 1, 83, 1, 1, 1, 47, 234, 198, 
129, 4, 53, 1, 1, 77, 1, 0, 0, 11, 64, 138, 
224, 2, 216, 0, 1, 83, 0, 0, 3, 47, 234, 198, 
129, 4, 53, 1, 1, 83, 0, 0, 0, 11, 234, 198, 
224, 2, 216, 0, 1, 83, 0, 0, 0, 11, 64, 138, 
224, 2, 216, 0, 1, 83, 0, 0, 3, 47, 234, 198, 
129, 4, 53, 0, 1, 77, 1, 0, 0, 11, 64, 138, 
224, 4, 216, 0, 1, 83, 0, 0, 3, 47, 234, 198, 
242, 2, 254, 1, 0, 59, 1, 1, 1, 32, 32, 255, 
224, 2, 216, 0, 1, 83, 0, 0, 0, 11, 64, 138, 
129, 4, 53, 1, 1, 83, 0, 0, 3, 47, 234, 198, 
224, 2, 216, 0, 1, 83, 0, 0, 3, 47, 234, 198, 
224, 2, 216, 1, 0, 59, 1, 1, 1, 32, 48, 237, 
224, 2, 53, 1, 1, 77, 1, 0, 0, 11, 64, 138, 
129, 2, 216, 0, 1, 83, 0, 0, 3, 47, 234, 198, 
129, 4, 53, 0, 1, 83, 0, 0, 3, 47, 234, 198, 
224, 2, 216, 0, 1, 83, 0, 0, 3, 47, 234, 198, 
129, 2, 216, 0, 1, 83, 0, 0, 3, 47, 234, 198, 
129, 4, 53, 1, 1, 77, 1, 0, 0, 11, 64, 138, 
224, 2, 216, 0, 1, 83, 0, 0, 0, 11, 64, 138, 
224, 2, 53, 1, 1, 77, 1, 0, 0, 47, 234, 198, 
224, 2, 216, 0, 1, 83, 0, 0, 3, 47, 234, 138, 
129, 4, 216, 0, 1, 83, 0, 0, 3, 47, 234, 198, 
224, 2, 216, 0, 1, 83, 0, 0, 0, 11, 64, 138, 
224, 4, 53, 1, 1, 77, 1, 0, 0, 11, 64, 138, 
129, 4, 53, 1, 1, 77, 1, 0, 0, 11, 64, 138, 
224, 2, 53, 1, 1, 77, 1, 0, 0, 11, 64, 138, 
129, 4, 53, 1, 1, 77, 1, 0, 0, 11, 64, 138, 
224, 2, 216, 0, 1, 83, 0, 0, 3, 47, 234, 198, 
129, 4, 53, 1, 1, 77, 0, 0, 3, 47, 234, 198, 
129, 4, 216, 0, 1, 83, 0, 0, 3, 11, 64, 138, 
129, 4, 53, 1, 1, 77, 1, 0, 0, 11, 64, 138, 
129, 4, 53, 1, 1, 77, 1, 0, 0, 47, 234, 198, 
224, 2, 216, 0, 1, 77, 1, 0, 0, 11, 64, 198, 
129, 4, 53, 0, 1, 83, 0, 0, 3, 47, 234, 198, 
129, 2, 216, 0, 1, 83, 0, 0, 1, 32, 48, 237, 
224, 2, 216, 0, 1, 83, 1, 0, 0, 11, 64, 138, 
224, 2, 216, 0, 1, 83, 1, 0, 1, 32, 48, 237, 
129, 2, 216, 1, 0, 59, 1, 1, 1, 32, 48, 237, 
224, 4, 53, 1, 1, 77, 1, 1, 1, 32, 48, 237, 
129, 2, 216, 0, 1, 83, 0, 0, 3, 47, 234, 198, 
224, 2, 216, 0, 1, 83, 0, 0, 3, 47, 234, 198, 
129, 4, 53, 0, 1, 83, 0, 0, 3, 47, 234, 198, 
129, 4, 53, 1, 1, 77, 1, 0, 3, 47, 64, 138, 
224, 2, 216, 0, 1, 83, 0, 0, 0, 11, 64, 138, 
129, 4, 53, 1, 1, 77, 1, 0, 3, 47, 234, 198, 
224, 2, 216, 0, 1, 83, 0, 0, 3, 11, 64, 138, 
224, 2, 216, 0, 1, 83, 0, 0, 3, 47, 234, 198, 
224, 2, 216, 0, 1, 83, 0, 0, 3, 47, 234, 198, 
224, 2, 216, 0, 1, 17, 0, 0, 3, 47, 65, 241, 
129, 2, 216, 1, 0, 59, 1, 1, 1, 32, 48, 237, 
224, 2, 216, 1, 0, 59, 1, 0, 0, 11, 64, 138, 
129, 4, 53, 1, 1, 77, 1, 0, 3, 47, 234, 198, 
129, 4, 53, 1, 1, 83, 0, 0, 3, 47, 234, 198, 
224, 2, 216, 0, 1, 83, 0, 0, 3, 47, 234, 198, 
129, 4, 53, 1, 1, 83, 0, 0, 3, 47, 234, 198, 
129, 4, 216, 0, 1, 77, 1, 0, 0, 11, 64, 138, 
129, 2, 53, 0, 1, 83, 0, 0, 3, 47, 234, 198, 
224, 4, 53, 0, 1, 83, 0, 0, 3, 47, 234, 198, 
242, 2, 254, 1, 0, 83, 0, 0, 3, 47, 234, 198, 
224, 2, 216, 0, 1, 77, 1, 0, 0, 11, 48, 237, 
129, 4, 53, 1, 1, 77, 1, 0, 0, 47, 234, 198, 
129, 1, 216, 1, 1, 77, 1, 0, 0, 11, 64, 138, 
129, 4, 53, 1, 1, 77, 1, 0, 0, 11, 64, 138, 
224, 2, 53, 1, 1, 77, 1, 0, 0, 11, 64, 138, 
224, 2, 216, 1, 0, 59, 1, 1, 1, 32, 48, 237, 
129, 4, 53, 1, 1, 77, 1, 0, 0, 11, 234, 198, 
224, 2, 216, 0, 1, 83, 0, 0, 0, 11, 64, 138, 
224, 2, 216, 0, 1, 83, 1, 0, 0, 11, 64, 138, 
224, 2, 216, 0, 1, 83, 0, 0, 3, 47, 234, 198, 
129, 4, 53, 1, 1, 77, 1, 0, 0, 11, 64, 138, 
224, 2, 216, 1, 0, 59, 1, 0, 3, 47, 234, 198, 
224, 2, 216, 0, 1, 77, 1, 0, 0, 11, 64, 198, 
224, 2, 216, 0, 1, 83, 0, 0, 3, 47, 64, 138, 
224, 2, 216, 0, 1, 83, 0, 0, 3, 47, 234, 198, 
224, 2, 216, 1, 0, 59, 1, 0, 0, 11, 64, 138, 
129, 4, 216, 0, 1, 83, 0, 0, 3, 47, 64, 138, 
129, 2, 216, 0, 1, 77, 1, 0, 0, 11, 64, 138, 
129, 4, 216, 0, 1, 83, 0, 0, 3, 47, 234, 198, 
224, 2, 216, 0, 1, 83, 0, 0, 0, 11, 64, 138, 
129, 4, 53, 1, 1, 77, 1, 0, 0, 11, 64, 198, 
224, 2, 216, 0, 1, 83, 0, 0, 3, 47, 234, 198, 
129, 4, 53, 1, 1, 83, 1, 1, 1, 32, 48, 237, 
129, 4, 53, 1, 1, 77, 1, 0, 0, 11, 64, 138, 
129, 2, 216, 1, 0, 59, 1, 1, 1, 32, 48, 237, 
224, 2, 216, 0, 1, 77, 1, 0, 3, 47, 234, 198, 
224, 2, 216, 0, 1, 83, 0, 0, 3, 47, 234, 198, 
129, 4, 53, 1, 1, 77, 1, 0, 0, 11, 64, 138, 
224, 2, 216, 0, 1, 83, 0, 0, 0, 11, 64, 138, 
129, 1, 53, 1, 1, 77, 1, 0, 0, 11, 64, 138, 
224, 2, 216, 0, 1, 83, 0, 0, 0, 11, 64, 138, 
224, 2, 216, 0, 1, 77, 1, 0, 0, 11, 64, 138, 
129, 4, 53, 1, 1, 77, 0, 0, 3, 47, 234, 198, 
224, 2, 216, 0, 1, 77, 1, 0, 0, 11, 64, 138, 
224, 2, 216, 0, 1, 83, 0, 0, 3, 47, 234, 198, 
129, 4, 53, 0, 1, 83, 0, 0, 0, 11, 64, 138, 
129, 4, 53, 1, 1, 77, 1, 1, 1, 32, 48, 237, 
224, 2, 216, 0, 1, 83, 1, 1, 1, 32, 48, 237, 
129, 4, 53, 1, 1, 77, 0, 0, 0, 11, 64, 138, 
129, 4, 53, 1, 1, 77, 1, 0, 3, 47, 48, 237, 
224, 2, 216, 0, 1, 83, 0, 0, 0, 11, 64, 138, 
224, 4, 53, 1, 1, 77, 1, 0, 0, 11, 64, 138, 
224, 2, 216, 0, 1, 83, 0, 0, 0, 11, 64, 138, 
129, 4, 53, 1, 1, 77, 1, 0, 0, 11, 64, 138, 
129, 4, 53, 0, 1, 83, 0, 0, 0, 11, 64, 138, 
129, 4, 53, 1, 1, 77, 1, 0, 0, 11, 64, 138, 
224, 2, 216, 0, 1, 59, 1, 0, 3, 47, 234, 198, 
224, 2, 216, 0, 1, 83, 0, 0, 3, 47, 234, 198, 
224, 2, 216, 1, 0, 59, 1, 0, 3, 47, 234, 198, 
129, 4, 216, 0, 1, 77, 1, 0, 0, 11, 64, 138, 
224, 2, 216, 0, 1, 77, 1, 0, 0, 11, 64, 138, 
224, 2, 216, 1, 0, 59, 1, 0, 0, 11, 64, 237, 
129, 2, 216, 0, 1, 83, 0, 0, 3, 47, 234, 138, 
224, 2, 216, 0, 1, 83, 0, 0, 3, 11, 64, 138, 
129, 4, 53, 1, 1, 77, 1, 0, 0, 11, 64, 138, 
224, 2, 216, 1, 1, 83, 0, 0, 3, 47, 234, 198, 
224, 2, 216, 0, 1, 59, 1, 1, 1, 32, 48, 237, 
224, 2, 216, 0, 1, 83, 0, 0, 3, 47, 48, 237, 
129, 4, 53, 1, 1, 77, 1, 0, 0, 11, 64, 138, 
129, 4, 53, 1, 1, 77, 1, 0, 0, 11, 48, 237, 
224, 4, 53, 1, 1, 77, 1, 0, 0, 11, 64, 138, 
129, 4, 53, 1, 1, 77, 1, 0, 0, 11, 64, 138, 
129, 4, 53, 0, 1, 83, 0, 0, 0, 11, 64, 138, 
129, 4, 53, 1, 1, 77, 1, 0, 0, 11, 64, 138, 
224, 2, 216, 1, 1, 83, 0, 0, 3, 47, 234, 198, 
224, 2, 216, 0, 1, 83, 0, 0, 3, 47, 234, 198, 
224, 2, 216, 0, 1, 83, 0, 0, 3, 47, 234, 198, 
224, 2, 216, 0, 1, 83, 0, 0, 3, 47, 234, 138, 
224, 2, 216, 1, 0, 77, 1, 0, 0, 11, 64, 138, 
129, 4, 53, 1, 1, 77, 1, 0, 0, 11, 64, 198, 
224, 2, 216, 0, 1, 83, 0, 0, 1, 32, 48, 237, 
224, 2, 216, 0, 1, 83, 0, 0, 0, 11, 64, 138, 
224, 2, 53, 0, 1, 83, 0, 0, 3, 47, 234, 237, 
129, 4, 53, 1, 1, 77, 1, 0, 0, 11, 64, 237, 
129, 4, 53, 1, 1, 77, 1, 0, 0, 47, 234, 198, 
129, 4, 53, 1, 1, 77, 1, 0, 0, 11, 48, 237, 
224, 2, 216, 0, 1, 83, 0, 0, 3, 47, 234, 237, 
224, 2, 216, 0, 1, 83, 0, 0, 3, 47, 64, 138, 
129, 4, 216, 0, 1, 83, 0, 0, 0, 11, 64, 138, 
224, 2, 216, 0, 1, 83, 0, 0, 0, 11, 64, 138, 
129, 4, 53, 1, 1, 77, 1, 0, 0, 11, 64, 138, 
129, 4, 53, 1, 1, 83, 0, 0, 3, 47, 234, 198, 
224, 4, 53, 1, 1, 77, 1, 0, 0, 11, 64, 138, 
224, 2, 216, 1, 1, 77, 1, 0, 0, 11, 64, 138, 
129, 4, 53, 1, 1, 77, 1, 0, 0, 11, 64, 138, 
129, 4, 53, 1, 1, 77, 1, 0, 0, 11, 64, 237, 
129, 4, 53, 1, 0, 59, 1, 1, 1, 32, 64, 138, 
224, 2, 216, 0, 0, 83, 0, 0, 1, 32, 48, 237, 
129, 4, 53, 1, 1, 77, 1, 0, 0, 11, 64, 138, 
224, 2, 216, 0, 1, 83, 0, 0, 3, 47, 234, 198, 
224, 2, 216, 0, 1, 77, 1, 0, 0, 11, 64, 138, 



224, 2, 216, 0, 1, 83, 1, 1, 0, 11, 64, 138, 
224, 2, 216, 0, 1, 83, 0, 0, 3, 47, 234, 138, 
224, 2, 216, 1, 0, 59, 1, 0, 3, 47, 234, 198, 
129, 2, 216, 1, 0, 59, 1, 1, 1, 32, 48, 237, 
224, 2, 216, 0, 1, 83, 0, 0, 0, 11, 64, 138, 
224, 2, 216, 0, 1, 83, 0, 0, 3, 47, 234, 198, 
224, 2, 216, 0, 1, 83, 0, 0, 0, 11, 64, 138, 
129, 4, 53, 1, 1, 83, 0, 0, 3, 47, 234, 198, 
224, 2, 216, 1, 1, 77, 1, 0, 0, 11, 64, 138, 
224, 2, 216, 0, 1, 83, 0, 0, 3, 47, 48, 138, 
129, 4, 53, 1, 1, 83, 0, 0, 3, 47, 234, 198, 
129, 4, 53, 1, 1, 77, 1, 0, 0, 11, 64, 138, 
129, 4, 53, 1, 1, 77, 1, 0, 0, 11, 64, 138, 
224, 2, 216, 0, 1, 83, 0, 0, 3, 47, 234, 198, 
224, 2, 216, 0, 0, 83, 0, 0, 1, 11, 64, 138, 
129, 2, 216, 0, 1, 83, 0, 0, 3, 47, 234, 198, 
129, 4, 53, 1, 1, 77, 0, 0, 3, 47, 234, 138, 
129, 4, 53, 0, 1, 83, 0, 0, 0, 11, 64, 138, 
224, 2, 53, 1, 0, 59, 1, 1, 1, 32, 48, 237, 
224, 2, 216, 0, 1, 77, 1, 0, 0, 11, 64, 138, 
129, 4, 53, 1, 1, 77, 1, 0, 3, 47, 234, 198, 
129, 4, 53, 1, 1, 77, 1, 0, 0, 47, 234, 198, 
129, 2, 216, 0, 1, 83, 0, 0, 1, 32, 48, 237, 
129, 4, 53, 1, 0, 59, 1, 0, 3, 47, 234, 198, 
129, 4, 53, 1, 1, 77, 1, 0, 0, 11, 64, 198, 
129, 2, 216, 1, 1, 83, 0, 0, 3, 47, 234, 198, 
129, 4, 53, 1, 1, 77, 1, 1, 1, 11, 64, 138, 
224, 2, 216, 1, 0, 77, 0, 0, 0, 11, 64, 138, 
224, 2, 216, 0, 1, 83, 0, 0, 3, 47, 234, 198, 
224, 2, 216, 0, 1, 83, 1, 0, 1, 32, 48, 237, 
224, 2, 216, 0, 1, 83, 0, 0, 3, 47, 234, 198, 
224, 2, 216, 0, 1, 77, 1, 0, 0, 11, 64, 138, 
224, 4, 53, 1, 1, 77, 1, 0, 0, 11, 64, 198, 
129, 2, 216, 0, 1, 83, 0, 0, 3, 47, 234, 198, 
129, 2, 216, 0, 1, 83, 0, 0, 3, 47, 234, 138, 
224, 2, 216, 0, 1, 83, 0, 0, 0, 11, 64, 138, 
129, 4, 53, 1, 1, 83, 0, 0, 1, 32, 48, 237, 
224, 2, 216, 0, 1, 83, 0, 0, 3, 47, 48, 198, 
224, 2, 216, 0, 1, 77, 1, 0, 3, 47, 234, 198, 
129, 1, 53, 1, 1, 77, 1, 0, 0, 11, 64, 138, 
224, 2, 216, 0, 1, 83, 0, 0, 3, 47, 234, 237, 
129, 4, 53, 1, 1, 77, 1, 0, 0, 11, 64, 138, 
129, 4, 216, 0, 1, 83, 0, 0, 0, 11, 64, 138, 
224, 2, 216, 0, 1, 77, 1, 0, 0, 11, 64, 138, 
224, 4, 53, 1, 1, 77, 1, 0, 0, 11, 64, 138, 
129, 4, 53, 1, 1, 77, 1, 0, 0, 11, 234, 198, 
224, 2, 216, 0, 1, 83, 0, 0, 3, 47, 234, 198, 
129, 4, 53, 1, 1, 83, 0, 0, 3, 47, 234, 198, 
224, 2, 216, 1, 1, 77, 1, 0, 0, 11, 64, 138, 
224, 2, 216, 0, 1, 83, 0, 0, 3, 11, 64, 138, 
224, 2, 216, 0, 1, 77, 1, 0, 0, 11, 64, 138, 
129, 1, 216, 1, 1, 77, 1, 0, 0, 11, 64, 138, 
224, 2, 216, 0, 1, 77, 1, 1, 1, 32, 48, 237, 
129, 4, 53, 0, 1, 83, 0, 0, 0, 11, 64, 138, 
224, 2, 216, 0, 1, 83, 0, 0, 3, 47, 64, 138, 
129, 4, 216, 0, 1, 83, 0, 0, 3, 47, 234, 198, 
129, 4, 53, 1, 1, 77, 1, 0, 0, 11, 64, 138, 
224, 2, 216, 0, 1, 83, 1, 0, 1, 32, 48, 237, 
224, 2, 216, 0, 1, 83, 0, 0, 3, 47, 234, 198, 
224, 2, 216, 1, 1, 77, 1, 0, 0, 11, 48, 237, 
129, 4, 53, 1, 1, 77, 1, 0, 3, 47, 234, 198, 
224, 2, 216, 0, 1, 83, 0, 0, 3, 47, 234, 198, 
129, 4, 53, 1, 1, 77, 1, 0, 3, 47, 234, 198, 
224, 2, 216, 0, 1, 83, 1, 0, 0, 11, 64, 138, 
224, 2, 216, 0, 1, 83, 0, 0, 0, 11, 64, 138, 
129, 4, 53, 0, 1, 77, 1, 0, 0, 11, 64, 138, 
129, 4, 53, 0, 0, 83, 0, 0, 1, 32, 48, 237, 
224, 2, 216, 1, 0, 77, 1, 0, 0, 11, 64, 138, 
129, 2, 216, 0, 1, 83, 0, 0, 3, 47, 234, 198, 
224, 4, 53, 1, 1, 77, 1, 0, 0, 11, 64, 198, 
224, 2, 53, 1, 1, 83, 0, 0, 3, 47, 234, 198, 
224, 2, 216, 0, 1, 83, 1, 0, 0, 11, 64, 138, 
129, 4, 53, 1, 1, 77, 1, 0, 0, 11, 64, 198, 
129, 4, 53, 1, 1, 77, 0, 0, 3, 47, 48, 237, 
224, 2, 216, 0, 1, 77, 1, 0, 0, 11, 64, 198, 
224, 2, 216, 0, 1, 77, 1, 0, 0, 11, 64, 237, 
129, 4, 53, 1, 1, 77, 1, 0, 0, 11, 64, 138, 
129, 4, 53, 1, 1, 83, 0, 0, 3, 47, 234, 198, 
129, 4, 53, 1, 1, 77, 1, 0, 0, 47, 234, 198, 
129, 4, 53, 1, 1, 83, 0, 0, 0, 11, 234, 198, 
129, 4, 216, 0, 1, 83, 1, 1, 1, 32, 48, 237, 
129, 1, 216, 1, 1, 77, 1, 0, 0, 11, 64, 138, 
129, 4, 53, 1, 1, 77, 0, 0, 0, 11, 64, 138, 
129, 2, 216, 0, 1, 77, 1, 0, 0, 11, 64, 138, 
129, 4, 216, 0, 1, 83, 0, 0, 0, 11, 64, 138, 
224, 2, 216, 0, 0, 83, 0, 0, 1, 32, 48, 237, 
224, 2, 216, 1, 1, 77, 1, 0, 0, 11, 64, 138, 
224, 2, 216, 0, 1, 83, 0, 0, 0, 11, 64, 138, 
224, 2, 216, 0, 1, 59, 1, 1, 1, 32, 48, 138, 
129, 4, 216, 0, 1, 83, 0, 0, 3, 47, 64, 138, 
224, 2, 216, 0, 1, 83, 0, 0, 0, 11, 64, 138, 
224, 2, 216, 0, 1, 83, 0, 0, 1, 32, 48, 237, 
224, 2, 53, 1, 1, 77, 1, 0, 0, 11, 64, 138, 
224, 2, 216, 0, 1, 77, 1, 0, 0, 11, 64, 198, 
224, 2, 216, 0, 1, 83, 0, 0, 3, 47, 234, 198, 
129, 4, 53, 1, 1, 77, 0, 0, 3, 47, 64, 138, 
129, 4, 53, 1, 1, 77, 0, 0, 3, 47, 234, 198, 
224, 4, 53, 1, 1, 77, 1, 1, 0, 11, 64, 138, 
72, 2, 216, 1, 1, 77, 1, 0, 0, 11, 64, 138, 
129, 4, 53, 1, 1, 77, 1, 0, 0, 47, 234, 198, 
224, 2, 216, 0, 1, 83, 0, 0, 3, 47, 234, 198, 
129, 2, 216, 1, 1, 77, 1, 0, 3, 47, 234, 198, 
224, 2, 53, 1, 1, 77, 1, 0, 0, 11, 64, 138, 
224, 2, 216, 0, 1, 77, 1, 0, 0, 11, 64, 138, 
129, 4, 53, 1, 1, 77, 1, 0, 0, 11, 48, 237, 
129, 4, 53, 1, 1, 83, 0, 0, 0, 47, 234, 198, 
224, 2, 216, 0, 1, 83, 0, 0, 0, 11, 64, 138, 
129, 4, 53, 1, 1, 77, 1, 0, 0, 11, 64, 138, 
129, 2, 216, 0, 1, 83, 0, 0, 1, 32, 48, 237, 
224, 2, 216, 0, 1, 77, 1, 0, 3, 47, 234, 198, 
129, 4, 53, 1, 1, 83, 0, 0, 0, 11, 64, 138, 
129, 4, 53, 1, 1, 77, 1, 0, 0, 11, 64, 138, 
129, 4, 53, 0, 1, 83, 0, 0, 3, 47, 234, 198, 
224, 2, 216, 0, 1, 83, 0, 0, 3, 47, 234, 198, 
129, 2, 216, 1, 0, 59, 1, 1, 1, 47, 48, 237, 
224, 2, 216, 0, 1, 59, 1, 1, 1, 32, 48, 237, 
129, 4, 53, 1, 1, 83, 1, 1, 1, 32, 48, 237, 
129, 4, 216, 0, 1, 83, 0, 0, 3, 47, 48, 237, 
129, 2, 216, 0, 1, 83, 0, 0, 1, 32, 48, 237, 
224, 2, 216, 0, 1, 77, 1, 0, 0, 11, 64, 138, 
129, 4, 53, 1, 1, 83, 0, 0, 3, 47, 234, 198, 
129, 4, 53, 1, 1, 77, 1, 0, 0, 11, 64, 138, 
224, 2, 216, 0, 1, 83, 0, 0, 3, 47, 234, 198, 
129, 4, 53, 0, 1, 83, 1, 0, 0, 11, 64, 138, 
129, 4, 53, 1, 1, 77, 1, 0, 0, 11, 64, 138, 
129, 4, 53, 1, 1, 77, 1, 0, 0, 11, 64, 138, 
129, 4, 53, 1, 1, 77, 1, 0, 0, 11, 64, 138, 
129, 4, 53, 1, 1, 77, 1, 0, 0, 11, 64, 138, 
129, 1, 53, 1, 1, 77, 1, 0, 0, 11, 64, 138, 
224, 2, 53, 1, 1, 77, 1, 0, 3, 47, 234, 237, 
224, 2, 216, 0, 1, 83, 1, 0, 3, 47, 234, 198, 
129, 4, 216, 0, 1, 83, 0, 0, 0, 11, 64, 138, 
224, 4, 53, 1, 1, 83, 0, 0, 3, 47, 234, 198, 
129, 4, 216, 0, 1, 83, 0, 0, 3, 47, 64, 138, 
129, 4, 53, 1, 1, 77, 1, 0, 0, 11, 64, 138, 
129, 4, 53, 0, 1, 77, 1, 0, 0, 11, 64, 138, 
224, 2, 216, 0, 1, 83, 0, 0, 3, 47, 234, 138, 
224, 2, 216, 0, 1, 83, 0, 0, 0, 11, 64, 138, 
224, 2, 53, 1, 1, 77, 1, 0, 0, 11, 64, 138, 
129, 4, 53, 1, 1, 77, 1, 0, 3, 47, 234, 198, 
129, 4, 53, 1, 1, 77, 1, 0, 0, 11, 64, 138, 
224, 2, 216, 0, 1, 77, 1, 0, 0, 11, 64, 138, 
129, 4, 53, 1, 1, 77, 1, 0, 0, 11, 64, 138, 
224, 2, 216, 0, 1, 83, 0, 0, 3, 47, 234, 198, 
129, 4, 53, 1, 1, 77, 1, 0, 0, 47, 234, 198, 
129, 4, 53, 1, 1, 77, 1, 0, 0, 11, 64, 138, 
129, 4, 53, 1, 1, 77, 1, 0, 0, 11, 64, 198, 
224, 2, 53, 1, 1, 83, 0, 0, 3, 47, 234, 198, 
224, 2, 216, 0, 1, 83, 1, 0, 0, 11, 64, 138, 
224, 2, 216, 0, 1, 83, 0, 0, 0, 11, 64, 138, 
224, 2, 216, 0, 1, 83, 0, 0, 3, 47, 234, 198, 
242, 2, 254, 1, 0, 83, 0, 0, 0, 11, 64, 138, 
129, 4, 53, 1, 1, 83, 0, 0, 3, 47, 234, 138, 
224, 2, 216, 0, 1, 77, 1, 0, 0, 11, 48, 237, 
129, 4, 53, 1, 1, 77, 1, 0, 0, 47, 234, 198, 
224, 2, 216, 0, 1, 83, 0, 0, 3, 47, 234, 198, 
224, 2, 216, 0, 1, 83, 0, 0, 0, 11, 64, 237, 
224, 4, 53, 0, 1, 83, 0, 0, 3, 47, 234, 198, 
224, 2, 216, 0, 1, 83, 1, 0, 1, 32, 48, 237, 
129, 4, 53, 1, 1, 83, 0, 0, 0, 11, 64, 138, 
224, 2, 216, 0, 1, 83, 0, 0, 3, 47, 234, 198, 
129, 4, 53, 1, 1, 77, 1, 0, 0, 11, 64, 138, 
224, 2, 216, 0, 1, 83, 0, 0, 0, 11, 64, 138, 
129, 4, 53, 1, 1, 77, 0, 0, 3, 47, 234, 198, 
224, 2, 216, 0, 1, 83, 0, 0, 3, 47, 234, 198, 
224, 2, 216, 0, 1, 77, 1, 0, 0, 11, 64, 138, 
224, 2, 216, 0, 1, 83, 0, 0, 3, 47, 234, 198, 
129, 4, 53, 1, 1, 83, 0, 0, 3, 47, 234, 198, 
129, 4, 216, 0, 1, 83, 0, 0, 3, 47, 234, 198, 
129, 4, 53, 1, 1, 77, 1, 0, 0, 11, 64, 138, 
224, 2, 216, 0, 1, 83, 0, 0, 3, 47, 234, 138, 
129, 4, 53, 0, 1, 83, 0, 0, 0, 11, 64, 138, 
129, 2, 216, 1, 1, 83, 0, 0, 3, 47, 234, 198, 
224, 4, 53, 1, 1, 77, 1, 0, 0, 47, 234, 198, 
224, 2, 216, 0, 1, 77, 0, 0, 3, 47, 234, 198, 
224, 2, 216, 0, 1, 83, 0, 0, 3, 47, 234, 198, 
129, 4, 216, 0, 1, 83, 0, 0, 3, 47, 234, 198, 
129, 4, 53, 0, 1, 83, 0, 0, 0, 11, 64, 138, 
224, 2, 216, 0, 1, 83, 0, 0, 3, 47, 234, 198, 
224, 2, 216, 1, 1, 77, 1, 0, 0, 11, 64, 138, 
224, 2, 216, 0, 1, 77, 1, 0, 0, 11, 48, 237, 
224, 2, 216, 0, 1, 83, 0, 0, 3, 47, 234, 198, 
224, 4, 53, 1, 1, 83, 0, 0, 3, 47, 234, 198, 
129, 4, 53, 0, 1, 83, 0, 0, 0, 11, 64, 138, 
129, 4, 53, 1, 1, 77, 1, 0, 0, 11, 64, 138, 
129, 4, 53, 1, 1, 77, 1, 0, 0, 11, 64, 237, 
224, 2, 216, 0, 1, 83, 0, 0, 0, 11, 64, 138, 
224, 2, 216, 0, 1, 83, 0, 0, 3, 47, 234, 198, 
224, 2, 216, 0, 1, 83, 0, 0, 0, 11, 64, 138, 
224, 2, 216, 0, 1, 83, 0, 0, 0, 11, 64, 138, 
129, 2, 216, 1, 0, 59, 1, 1, 1, 32, 234, 198, 
129, 4, 53, 1, 1, 77, 1, 0, 0, 11, 64, 198, 
129, 4, 53, 1, 1, 77, 0, 0, 0, 11, 64, 138, 
224, 2, 216, 0, 1, 83, 0, 0, 0, 11, 64, 138, 
224, 2, 216, 1, 1, 77, 1, 0, 0, 11, 64, 138, 
129, 4, 53, 1, 1, 83, 0, 0, 3, 47, 234, 138, 
224, 2, 216, 0, 1, 77, 1, 0, 0, 47, 234, 237, 
129, 4, 53, 1, 1, 83, 0, 0, 0, 11, 64, 138, 
129, 4, 53, 1, 1, 77, 1, 0, 0, 11, 48, 237, 
224, 2, 216, 0, 1, 83, 0, 0, 0, 11, 64, 138, 



